INSERT OR REPLACE INTO Types
(Type,							Kind)	VALUES
('TERRAIN_CLASS_FOOD_PLAINS',	'KIND_TERRAIN_CLASS'),
('TERRAIN_CLASS_MINE_HILLS',	'KIND_TERRAIN_CLASS');


DELETE FROM Terrain_YieldChanges;
INSERT OR REPLACE INTO Terrain_YieldChanges
(TerrainType,			YieldType,			YieldChange) VALUES
('TERRAIN_GRASS',		'YIELD_FOOD',		2),
('TERRAIN_GRASS_HILLS',	'YIELD_FOOD',		1),
('TERRAIN_GRASS_HILLS',	'YIELD_PRODUCTION',	1),
('TERRAIN_PLAINS',		'YIELD_FOOD',		1),
('TERRAIN_PLAINS',		'YIELD_PRODUCTION',	1),
('TERRAIN_PLAINS_HILLS','YIELD_PRODUCTION',	2),
('TERRAIN_TUNDRA',		'YIELD_FOOD',		1),
('TERRAIN_TUNDRA_HILLS','YIELD_PRODUCTION',	1),
('TERRAIN_COAST',		'YIELD_FOOD',	1),
('TERRAIN_COAST',		'YIELD_GOLD',	3);

DELETE FROM Feature_YieldChanges WHERE FeatureType IN
('FEATURE_FLOODPLAINS','FEATURE_JUNGLE','FEATURE_FOREST','FEATURE_OASIS','FEATURE_MARSH','FEATURE_GEOTHERMAL_FISSURE');
INSERT OR REPLACE INTO Feature_YieldChanges
(FeatureType,			YieldType,			YieldChange) VALUES
('FEATURE_FLOODPLAINS',	'YIELD_FOOD',		2),
('FEATURE_JUNGLE',		'YIELD_FOOD',		1),
('FEATURE_JUNGLE',		'YIELD_PRODUCTION',	-1),
('FEATURE_OASIS',		'YIELD_FOOD',		2),
('FEATURE_OASIS',		'YIELD_GOLD',		3),
('FEATURE_REEF',		'YIELD_GOLD',		-3),
('FEATURE_REEF',		'YIELD_FOOD',		0),

--('FEATURE_MARSH',		'YIELD_FOOD',		1),
('FEATURE_GEOTHERMAL_FISSURE','YIELD_SCIENCE',	1),
('FEATURE_VOLCANIC_SOIL','YIELD_FOOD',	1);

UPDATE Feature_Removes SET Yield = 30 WHERE FeatureType = 'FEATURE_FOREST';
UPDATE Feature_Removes SET Yield = 30 WHERE FeatureType = 'FEATURE_MARSH';
UPDATE Feature_Removes SET Yield = 15 WHERE FeatureType = 'FEATURE_JUNGLE' AND YieldType = 'YIELD_FOOD';
UPDATE Feature_Removes SET Yield = 15 WHERE FeatureType = 'FEATURE_JUNGLE' AND YieldType = 'YIELD_PRODUCTION';


INSERT OR REPLACE INTO TerrainClasses
(TerrainClassType,				Name) VALUES
('TERRAIN_CLASS_FOOD_PLAINS',	'LOC_TERRAIN_CLASS_FOOD_PLAINS_NAME'),
('TERRAIN_CLASS_MINE_HILLS',	'LOC_TERRAIN_CLASS_MINE_HILLS_NAME'),
('TERRAIN_CLASS_HILLS',	        'LOC_TERRAIN_CLASS_HILLS_NAME'),
('TERRAIN_CLASS_FLAT',	        'LOC_TERRAIN_CLASS_FLAT_NAME'),
('TERRAIN_CLASS_SNOW_ALL',       'LOC_TERRAIN_CLASS_SNOW_ALL_NAME'),
('TERRAIN_CLASS_DESERT_ALL',     'LOC_TERRAIN_CLASS_DESERT_ALL_NAME'),
('TERRAIN_CLASS_TUNDRA_ALL',     'LOC_TERRAIN_CLASS_TUNDRA_ALL_NAME'),
('TERRAIN_CLASS_PLAINS_ALL',     'LOC_TERRAIN_CLASS_PLAINS_ALL_NAME'),
('TERRAIN_CLASS_GRASS_ALL',      'LOC_TERRAIN_CLASS_GRASS_ALL_NAME');

INSERT OR REPLACE INTO TerrainClass_Terrains
(TerrainClassType,				TerrainType) VALUES
('TERRAIN_CLASS_FOOD_PLAINS',	'TERRAIN_PLAINS'),
('TERRAIN_CLASS_FOOD_PLAINS',	'TERRAIN_GRASS'),
('TERRAIN_CLASS_MINE_HILLS',	'TERRAIN_PLAINS_HILLS'),
('TERRAIN_CLASS_MINE_HILLS',	'TERRAIN_GRASS_HILLS'),

('TERRAIN_CLASS_HILLS',	        'TERRAIN_GRASS_HILLS'),
('TERRAIN_CLASS_HILLS',	        'TERRAIN_PLAINS_HILLS'),
('TERRAIN_CLASS_HILLS',	        'TERRAIN_TUNDRA_HILLS'),
('TERRAIN_CLASS_HILLS',	        'TERRAIN_SNOW_HILLS'),
('TERRAIN_CLASS_HILLS',	        'TERRAIN_DESERT_HILLS'),
('TERRAIN_CLASS_FLAT',           'TERRAIN_DESERT'),
('TERRAIN_CLASS_FLAT',           'TERRAIN_TUNDRA'),
('TERRAIN_CLASS_FLAT',           'TERRAIN_SNOW'),
('TERRAIN_CLASS_FLAT',           'TERRAIN_GRASS'),
('TERRAIN_CLASS_FLAT',           'TERRAIN_PLAINS'),

('TERRAIN_CLASS_SNOW_ALL',       'TERRAIN_SNOW_MOUNTAIN'),
('TERRAIN_CLASS_SNOW_ALL',       'TERRAIN_SNOW_HILLS'),
('TERRAIN_CLASS_SNOW_ALL',       'TERRAIN_SNOW'),
('TERRAIN_CLASS_DESERT_ALL',     'TERRAIN_DESERT_MOUNTAIN'),
('TERRAIN_CLASS_DESERT_ALL',     'TERRAIN_DESERT_HILLS'),
('TERRAIN_CLASS_DESERT_ALL',     'TERRAIN_DESERT'),
('TERRAIN_CLASS_TUNDRA_ALL',     'TERRAIN_TUNDRA_MOUNTAIN'),
('TERRAIN_CLASS_TUNDRA_ALL',     'TERRAIN_TUNDRA_HILLS'),
('TERRAIN_CLASS_TUNDRA_ALL',     'TERRAIN_TUNDRA'),
('TERRAIN_CLASS_PLAINS_ALL',     'TERRAIN_PLAINS_MOUNTAIN'),
('TERRAIN_CLASS_PLAINS_ALL',     'TERRAIN_PLAINS_HILLS'),
('TERRAIN_CLASS_PLAINS_ALL',     'TERRAIN_PLAINS'),
('TERRAIN_CLASS_GRASS_ALL',      'TERRAIN_GRASS_MOUNTAIN'),
('TERRAIN_CLASS_GRASS_ALL',      'TERRAIN_GRASS_HILLS'),
('TERRAIN_CLASS_GRASS_ALL',      'TERRAIN_GRASS');

