--似乎是很早的万神修改 2024.3.30废弃


update ConfigValues set ConfigVal = 1 where ConfigId = 'CONFIG_BELIEF';


insert or replace into Types
	(Type,								Kind)
values
	-- Pantheon
	('BELIEF_ORAL_TRADITION',			'KIND_BELIEF'),
	('BELIEF_SEA_GODDESSS',				'KIND_BELIEF'),
	('BELIEF_MOUNTAIN_GODDESS',			'KIND_BELIEF'),
	('BELIEF_GODDESS_OF_THE_HARVEST',	'KIND_BELIEF');


insert or replace into Beliefs
	(BeliefType,						Name,										Description,											BeliefClassType)
values
	-- Pantheon
	('BELIEF_ORAL_TRADITION',			'LOC_BELIEF_ORAL_TRADITION_NAME',			'LOC_BELIEF_ORAL_TRADITION_DESCRIPTION',				'BELIEF_CLASS_PANTHEON'),
	('BELIEF_SEA_GODDESSS',				'LOC_BELIEF_SEA_GODDESSS_NAME',				'LOC_BELIEF_SEA_GODDESSS_DESCRIPTION',					'BELIEF_CLASS_PANTHEON'),
	('BELIEF_MOUNTAIN_GODDESS',			'LOC_BELIEF_MOUNTAIN_GODDESS_NAME',			'LOC_BELIEF_MOUNTAIN_GODDESS_DESCRIPTION',				'BELIEF_CLASS_PANTHEON'),
	('BELIEF_GODDESS_OF_THE_HARVEST',	'LOC_BELIEF_GODDESS_OF_THE_HARVEST_NAME',	'LOC_BELIEF_GODDESS_OF_THE_HARVEST_DESCRIPTION',		'BELIEF_CLASS_PANTHEON');







delete from BeliefModifiers
	where BeliefType in
	('BELIEF_RELIGIOUS_SETTLEMENTS',
	'BELIEF_GOD_OF_THE_FORGE',
	'BELIEF_CITY_PATRON_GODDESS',
	'BELIEF_DIVINE_SPARK',
	'BELIEF_GOD_OF_WAR',
	'BELIEF_MONUMENT_TO_THE_GODS',
	'BELIEF_FERTILITY_RITES',
	'BELIEF_GOD_OF_CRAFTSMEN',
	'BELIEF_GOD_OF_THE_OPEN_SKY',
	'BELIEF_GOD_OF_THE_SEA',
	'BELIEF_STONE_CIRCLES',
	'BELIEF_GODDESS_OF_THE_HUNT',
	'BELIEF_GODDESS_OF_FESTIVALS',

	'BELIEF_ORAL_TRADITION',--口述传统在GS删除了，需要重新吧定义抄出来否则GS这里报错
	'BELIEF_RELIGIOUS_IDOLS',
	'BELIEF_LADY_OF_THE_REEDS_AND_MARSHES',
	'BELIEF_GODDESS_OF_FIRE',
	'BELIEF_SACRED_PATH',
	'BELIEF_DANCE_OF_THE_AURORA',
	'BELIEF_DESERT_FOLKLORE',
	'BELIEF_SEA_GODDESSS',--海神？？？貌似未定义
	'BELIEF_RIVER_GODDESS',
	'BELIEF_MOUNTAIN_GODDESS',--山神？？？貌似未定义
	--'BELIEF_',--天人合一 --写在下面
	'BELIEF_EARTH_GODDESS',
	'BELIEF_GODDESS_OF_THE_HARVEST',--收获女神在GS删除了，需要重新吧定义抄出来否则GS这里报错
	'BELIEF_INITIATION_RITES');


insert or replace into BeliefModifiers
	(BeliefType,						ModifierID)
values
	('BELIEF_RELIGIOUS_SETTLEMENTS',	'RELIGIOUS_SETTLEMENTS_EXPANSION'), 
	('BELIEF_RELIGIOUS_SETTLEMENTS',	'RELIGIOUS_SETTLEMENTS_GOLD'), 
	('BELIEF_RELIGIOUS_SETTLEMENTS',	'RELIGIOUS_SETTLEMENTS_FAITH'), 
	('BELIEF_GOD_OF_THE_FORGE',			'GOD_OF_THE_FORGE_UNIT_PRODUCTION'), 
	('BELIEF_GOD_OF_THE_FORGE',			'GOD_OF_THE_FORGE_UNIT_FAITH'),
	('BELIEF_CITY_PATRON_GODDESS',		'CITY_PATRON_GODDESS_FIRST_DISTRICT_PRODUCTION'),
	--('BELIEF_CITY_PATRON_GODDESS',		在PostProcess 里处理
	('BELIEF_DIVINE_SPARK',				'DIVINE_SPARK_GREATPEOPLE_FAITH_SALE'),
	('BELIEF_GOD_OF_WAR',				'GOD_OF_WAR_COMBAT_FAITH'),
	('BELIEF_GOD_OF_WAR',				'GOD_OF_WAR_COMBAT_FAITH_PLUS'),
	('BELIEF_MONUMENT_TO_THE_GODS',		'MONUMENT_TO_THE_GODS_WONDER_PRODUCTION'),
	('BELIEF_MONUMENT_TO_THE_GODS',		'MONUMENT_TO_THE_GODS_WONDER_FAITH'),
--		主神纪念碑奇观转信仰竟然是要lua的，溜了
	('BELIEF_FERTILITY_RITES',			'FERTILITY_RITES_GROWTH'),
	('BELIEF_FERTILITY_RITES',			'FERTILITY_RITES_FAITH'),
	('BELIEF_GOD_OF_CRAFTSMEN',			'GOD_OF_CRAFTSMEN_STRATEGIC_FAITH'),
	('BELIEF_GOD_OF_CRAFTSMEN',			'GOD_OF_CRAFTSMEN_STRATEGIC_PRODUCTION'),
	('BELIEF_GOD_OF_CRAFTSMEN',			'GOD_OF_CRAFTSMEN_STRATEGIC_ACCUMULATION'),
	('BELIEF_GOD_OF_THE_OPEN_SKY',		'GOD_OF_THE_OPEN_SKY_CULTURE'),
	('BELIEF_GOD_OF_THE_OPEN_SKY',		'GOD_OF_THE_OPEN_SKY_FAITH'),
	('BELIEF_GOD_OF_THE_SEA',			'GOD_OF_THE_SEA_GOLD'),
	('BELIEF_GOD_OF_THE_SEA',			'GOD_OF_THE_SEA_FAITH'),
	('BELIEF_STONE_CIRCLES',			'STONE_CIRCLES_FAITH'),
--	('BELIEF_GODDESS_OF_THE_HUNT',		'GODDESS_OF_THE_HUNT_FOOD'),
--	('BELIEF_GODDESS_OF_THE_HUNT',		'GODDESS_OF_THE_HUNT_GOLD'),
	('BELIEF_GODDESS_OF_THE_HUNT',		'GODDESS_OF_THE_HUNT_FAITH'),
	('BELIEF_GODDESS_OF_FESTIVALS',		'GODDESS_OF_FESTIVALS_CULTURE'),
	('BELIEF_GODDESS_OF_FESTIVALS',		'GODDESS_OF_FESTIVALS_GOLD'),

	('BELIEF_ORAL_TRADITION',			'ORAL_TRADITION_SANCTUM_FOREST_ADJACENT_ADD'),
	('BELIEF_ORAL_TRADITION',			'ORAL_TRADITION_CENTER_FOREST_ADJACENT_ADD'),
	--('BELIEF_RELIGIOUS_IDOLS',			'RELIGIOUS_IDOLS_BONUS_GOLD'),
	('BELIEF_RELIGIOUS_IDOLS',			'RELIGIOUS_IDOLS_BONUS_FAITH'),
	('BELIEF_LADY_OF_THE_REEDS_AND_MARSHES',	'LADY_OF_THE_REEDS_PRODUCTION_DA'),
	('BELIEF_LADY_OF_THE_REEDS_AND_MARSHES',	'LADY_OF_THE_REEDS_FAITH'),
	('BELIEF_GODDESS_OF_FIRE',			'GODDESS_OF_FIRE_FEATURES_FAITH_DA'),
	('BELIEF_SACRED_PATH',				'SACRED_PATH_SANCTUM_JUNGLE_ADJACENT_ADD'),
	('BELIEF_SACRED_PATH',				'SACRED_PATH_CENTER_JUNGLE_ADJACENT_ADD'),
	('BELIEF_DANCE_OF_THE_AURORA',		'DANCE_OF_THE_AURORA_FAITH_TUNDRA_ADJACENCY'),
	('BELIEF_DANCE_OF_THE_AURORA',		'DANCE_OF_THE_AURORA_FAITH_TUNDRA_HILLS_ADJACENCY'),
	('BELIEF_DANCE_OF_THE_AURORA',		'DANCE_OF_THE_AURORA_FAITH_TUNDRA_ADJACENCY_CENTER'),
	('BELIEF_DANCE_OF_THE_AURORA',		'DANCE_OF_THE_AURORA_FAITH_TUNDRA_HILLS_ADJACENCY_CENTER'),
	('BELIEF_DANCE_OF_THE_AURORA',		'DANCE_OF_THE_AURORA_FAITH_TUNDRA_PLOT'),
	('BELIEF_DANCE_OF_THE_AURORA',		'DANCE_OF_THE_AURORA_FAITH_TUNDRA_HILLS_PLOT'),
	('BELIEF_DESERT_FOLKLORE',			'DESERT_FOLKLORE_FAITH_DESERT_ADJACENCY'),
	('BELIEF_DESERT_FOLKLORE',			'DESERT_FOLKLORE_FAITH_DESERT_HILLS_ADJACENCY'),
	('BELIEF_DESERT_FOLKLORE',			'DESERT_FOLKLORE_FAITH_DESERT_ADJACENCY_CENTER'),
	('BELIEF_DESERT_FOLKLORE',			'DESERT_FOLKLORE_FAITH_DESERT_HILLS_ADJACENCY_CENTER'),
	('BELIEF_DESERT_FOLKLORE',			'DESERT_FOLKLORE_FAITH_DESERT_PLOT'),
	('BELIEF_DESERT_FOLKLORE',			'DESERT_FOLKLORE_FAITH_DESERT_HILLS_PLOT'),
	('BELIEF_SEA_GODDESSS',				'SEA_GODDESSS_FAITH_COAST_ADJACENCY'),
	('BELIEF_SEA_GODDESSS',				'SEA_GODDESSS_FAITH_OCEAN_ADJACENCY'),
	('BELIEF_SEA_GODDESSS',				'SEA_GODDESSS_FAITH_COAST_ADJACENCY_CENTER'),
	('BELIEF_SEA_GODDESSS',				'SEA_GODDESSS_FAITH_OCEAN_ADJACENCY_CENTER'),
	('BELIEF_SEA_GODDESSS',				'SEA_GODDESSS_FAITH_COAST_PLOT'),
	('BELIEF_SEA_GODDESSS',				'SEA_GODDESSS_FAITH_OCEAN_PLOT'),
	('BELIEF_RIVER_GODDESS',			'RIVER_GODDESS_FAITH_RIVER_ADJACENCY'),
	('BELIEF_RIVER_GODDESS',			'RIVER_GODDESS_FAITH_RIVER_ADJACENCY_CENTER'),
	('BELIEF_MOUNTAIN_GODDESS',			'MOUNTAIN_GODDESS_FAITH_GRASS_M_ADJACENCY'),
	('BELIEF_MOUNTAIN_GODDESS',			'MOUNTAIN_GODDESS_FAITH_GRASS_M_ADJACENCY_CENTER'),
	('BELIEF_MOUNTAIN_GODDESS',			'MOUNTAIN_GODDESS_FAITH_PLAINS_M_ADJACENCY'),
	('BELIEF_MOUNTAIN_GODDESS',			'MOUNTAIN_GODDESS_FAITH_PLAINS_M_ADJACENCY_CENTER'),
	('BELIEF_MOUNTAIN_GODDESS',			'MOUNTAIN_GODDESS_FAITH_DESERT_M_ADJACENCY'),
	('BELIEF_MOUNTAIN_GODDESS',			'MOUNTAIN_GODDESS_FAITH_DESERT_M_ADJACENCY_CENTER'),
	('BELIEF_MOUNTAIN_GODDESS',			'MOUNTAIN_GODDESS_FAITH_TUNDRA_M_ADJACENCY'),
	('BELIEF_MOUNTAIN_GODDESS',			'MOUNTAIN_GODDESS_FAITH_TUNDRA_M_ADJACENCY_CENTER'),
	('BELIEF_MOUNTAIN_GODDESS',			'MOUNTAIN_GODDESS_FAITH_SNOW_M_ADJACENCY'),
	('BELIEF_MOUNTAIN_GODDESS',			'MOUNTAIN_GODDESS_FAITH_SNOW_M_ADJACENCY_CENTER'),
	/*('BELIEF_MOUNTAIN_GODDESS',			'MOUNTAIN_GODDESS_APPEAL_GRASS_MOUNTAIN'),--无效山地加魅力
	('BELIEF_MOUNTAIN_GODDESS',			'MOUNTAIN_GODDESS_APPEAL_PLAINS_MOUNTAIN'),
	('BELIEF_MOUNTAIN_GODDESS',			'MOUNTAIN_GODDESS_APPEAL_DESERT_MOUNTAIN'),
	('BELIEF_MOUNTAIN_GODDESS',			'MOUNTAIN_GODDESS_APPEAL_TUNDRA_MOUNTAIN'),
	('BELIEF_MOUNTAIN_GODDESS',			'MOUNTAIN_GODDESS_APPEAL_SNOW_MOUNTAIN'),
	--('BELIEF_MOUNTAIN_GODDESS',			'MOUNTAIN_GODDESS_APPEAL_MOUNTAIN'),--试图更简单写法一样无法使用地形限制*/
	('BELIEF_EARTH_GODDESS',			'EARTH_GODDESS_APPEAL_FAITH_DA'),
	('BELIEF_EARTH_GODDESS',			'EARTH_GODDESS_APPEAL_GOLD_DA'),
	('BELIEF_GODDESS_OF_THE_HARVEST',	'GODDESS_OF_THE_HARVEST_HARVEST_DA'),
	('BELIEF_GODDESS_OF_THE_HARVEST',	'GODDESS_OF_THE_HARVEST_REMOVE_FEATURE_DA'),
	('BELIEF_INITIATION_RITES',			'INITIATION_RITES_FAITH_DISPERSAL_DA'),
	('BELIEF_INITIATION_RITES',			'INITIATION_RITES_HEALING_DISPERSAL_DA');	


insert or replace into Modifiers
	(ModifierId,												ModifierType,													SubjectRequirementSetId)
values
	('RELIGIOUS_SETTLEMENTS_EXPANSION',							'MODIFIER_ALL_CITIES_ATTACH_MODIFIER',							'CITY_FOLLOWS_PANTHEON_REQUIREMENTS'),
	('RELIGIOUS_SETTLEMENTS_EXPANSION_MOD',						'MODIFIER_SINGLE_CITY_CULTURE_BORDER_EXPANSION',				null),
	('RELIGIOUS_SETTLEMENTS_GOLD',								'MODIFIER_ALL_CITIES_ATTACH_MODIFIER',							'CITY_FOLLOWS_PANTHEON_REQUIREMENTS'),
	('RELIGIOUS_SETTLEMENTS_GOLD_MOD',							'MODIFIER_CITY_PLOT_YIELDS_ADJUST_PLOT_YIELD',					'RS_3_TILES_TO_CITY_CENTER'),
	('RELIGIOUS_SETTLEMENTS_FAITH',								'MODIFIER_ALL_CITIES_ATTACH_MODIFIER',							'CITY_FOLLOWS_PANTHEON_REQUIREMENTS'),
	('RELIGIOUS_SETTLEMENTS_FAITH_MOD',							'MODIFIER_CITY_PLOT_YIELDS_ADJUST_PLOT_YIELD',					'RS_3_TILES_TO_CITY_CENTER'),
	('GOD_OF_THE_FORGE_UNIT_PRODUCTION',						'MODIFIER_ALL_PLAYERS_ATTACH_MODIFIER',							'PLAYER_HAS_PANTHEON_REQUIREMENTS'),
	('GOD_OF_THE_FORGE_UNIT_PRODUCTION_MOD',					'MODIFIER_PLAYER_CITIES_ADJUST_MILITARY_UNITS_PRODUCTION',		null),
	('GOD_OF_THE_FORGE_UNIT_FAITH',								'MODIFIER_ALL_CITIES_ATTACH_MODIFIER',							'CITY_FOLLOWS_PANTHEON_REQUIREMENTS'),
	('GOD_OF_THE_FORGE_UNIT_FAITH_MOD',							'MODIFIER_SINGLE_CITY_GRANT_YIELD_PER_UNIT_COST',				'RS_3_TILES_TO_CITY_CENTER'),
	('CITY_PATRON_GODDESS_FIRST_DISTRICT_PRODUCTION',			'MODIFIER_ALL_CITIES_ATTACH_MODIFIER',							'CITY_FOLLOWS_PANTHEON_REQUIREMENTS'),
	('CITY_PATRON_GODDESS_FIRST_DISTRICT_PRODUCTION_MOD',		'MODIFIER_SINGLE_CITY_ADJUST_DISTRICT_PRODUCTION_MODIFIER',		'RS_CITY_HAS_0_DISTRICTS'),
	('DIVINE_SPARK_GREATPEOPLE_FAITH_SALE',						'MODIFIER_ALL_PLAYERS_ATTACH_MODIFIER',							'PLAYER_HAS_PANTHEON_REQUIREMENTS'),
	('DIVINE_SPARK_GREATPEOPLE_FAITH_SALE_MOD',					'MODIFIER_PLAYER_ADJUST_GREAT_PERSON_PATRONAGE_DISCOUNT_PERCENT',	NULL),
	('GOD_OF_WAR_COMBAT_FAITH',									'MODIFIER_ALL_PLAYERS_ATTACH_MODIFIER',							'PLAYER_HAS_PANTHEON_REQUIREMENTS'),
	('GOD_OF_WAR_COMBAT_FAITH_MOD',								'MODIFIER_PLAYER_UNITS_ADJUST_POST_COMBAT_YIELD',				NULL),
	('GOD_OF_WAR_COMBAT_FAITH_PLUS',							'MODIFIER_ALL_PLAYERS_ATTACH_MODIFIER',							'PLAYER_HAS_PANTHEON_REQUIREMENTS'),
	('GOD_OF_WAR_COMBAT_FAITH_PLUS_MOD',						'MODIFIER_PLAYER_UNITS_ADJUST_POST_COMBAT_YIELD',				'PLOT_EIGHT_INCLUDE_HOLY_SITE'),
	('MONUMENT_TO_THE_GODS_WONDER_PRODUCTION',					'MODIFIER_ALL_PLAYERS_ATTACH_MODIFIER',							'PLAYER_HAS_PANTHEON_REQUIREMENTS'),
	('MONUMENT_TO_THE_GODS_WONDER_PRODUCTION_MOD',				'MODIFIER_PLAYER_CITIES_ADJUST_WONDER_ERA_PRODUCTION',			NULL),
	('MONUMENT_TO_THE_GODS_WONDER_FAITH',						'MODIFIER_ALL_PLAYERS_ATTACH_MODIFIER',							'PLAYER_HAS_PANTHEON_REQUIREMENTS'),
	('MONUMENT_TO_THE_GODS_WONDER_FAITH_MOD',					'MODIFIER_PLAYER_UNITS_ADJUST_POST_COMBAT_YIELD',				'PLOT_EIGHT_INCLUDE_HOLY_SITE'),
	('FERTILITY_RITES_GROWTH',									'MODIFIER_ALL_PLAYERS_ATTACH_MODIFIER',							'PLAYER_HAS_PANTHEON_REQUIREMENTS'),
	('FERTILITY_RITES_GROWTH_MOD',								'MODIFIER_PLAYER_CITIES_ADJUST_CITY_GROWTH',					NULL),
	('FERTILITY_RITES_FAITH',									'MODIFIER_ALL_PLAYERS_ATTACH_MODIFIER',							'PLAYER_HAS_PANTHEON_REQUIREMENTS'),
	('FERTILITY_RITES_FAITH_MOD',								'MODIFIER_PLAYER_CITIES_ADJUST_CITY_YIELD_PER_POPULATION',		NULL),
	('GOD_OF_CRAFTSMEN_STRATEGIC_FAITH',						'MODIFIER_ALL_PLAYERS_ATTACH_MODIFIER',							'PLAYER_HAS_PANTHEON_REQUIREMENTS'),
	('GOD_OF_CRAFTSMEN_STRATEGIC_FAITH_MOD',					'MODIFIER_PLAYER_ADJUST_PLOT_YIELD',							'PLOT_HAS_STRATEGIC_IMPROVED_REQUIREMENTS'),
	('GOD_OF_CRAFTSMEN_STRATEGIC_PRODUCTION',					'MODIFIER_ALL_PLAYERS_ATTACH_MODIFIER',							'PLAYER_HAS_PANTHEON_REQUIREMENTS'),
	('GOD_OF_CRAFTSMEN_STRATEGIC_PRODUCTION_MOD',				'MODIFIER_PLAYER_ADJUST_PLOT_YIELD',							'PLOT_HAS_STRATEGIC_IMPROVED_REQUIREMENTS'),
	('GOD_OF_CRAFTSMEN_STRATEGIC_ACCUMULATION',					'MODIFIER_ALL_CITIES_ATTACH_MODIFIER',							'CITY_FOLLOWS_PANTHEON_REQUIREMENTS'),
	('GOD_OF_CRAFTSMEN_STRATEGIC_ACCUMULATION_MOD',				'MODIFIER_SINGLE_CITY_ADJUST_EXTRA_ACCUMULATION',				NULL),
	('GOD_OF_THE_OPEN_SKY_CULTURE',								'MODIFIER_ALL_CITIES_ATTACH_MODIFIER',							'CITY_FOLLOWS_PANTHEON_REQUIREMENTS'),
	('GOD_OF_THE_OPEN_SKY_CULTURE_MOD',							'MODIFIER_CITY_PLOT_YIELDS_ADJUST_PLOT_YIELD',					'RS_PLOT_HAS_IMPROVEMENT_PASTURE'),
	('GOD_OF_THE_OPEN_SKY_FAITH',								'MODIFIER_ALL_CITIES_ATTACH_MODIFIER',							'CITY_FOLLOWS_PANTHEON_REQUIREMENTS'),
	('GOD_OF_THE_OPEN_SKY_FAITH_MOD',							'MODIFIER_CITY_PLOT_YIELDS_ADJUST_PLOT_YIELD',					'RS_PLOT_HAS_IMPROVEMENT_PASTURE'),
	('GOD_OF_THE_SEA_GOLD',										'MODIFIER_ALL_CITIES_ATTACH_MODIFIER',							'CITY_FOLLOWS_PANTHEON_REQUIREMENTS'),
	('GOD_OF_THE_SEA_GOLD_MOD',									'MODIFIER_CITY_PLOT_YIELDS_ADJUST_PLOT_YIELD',					'RS_PLOT_HAS_IMPROVEMENT_FISHING_BOATS'),
	('GOD_OF_THE_SEA_FAITH',									'MODIFIER_ALL_CITIES_ATTACH_MODIFIER',							'CITY_FOLLOWS_PANTHEON_REQUIREMENTS'),
	('GOD_OF_THE_SEA_FAITH_MOD',								'MODIFIER_CITY_PLOT_YIELDS_ADJUST_PLOT_YIELD',					'RS_PLOT_HAS_IMPROVEMENT_FISHING_BOATS'),
	('STONE_CIRCLES_FAITH',										'MODIFIER_ALL_CITIES_ATTACH_MODIFIER',							'CITY_FOLLOWS_PANTHEON_REQUIREMENTS'),
	('STONE_CIRCLES_FAITH_MOD',									'MODIFIER_CITY_PLOT_YIELDS_ADJUST_PLOT_YIELD',					'RS_PLOT_HAS_IMPROVEMENT_QUARRY'),
	('GODDESS_OF_THE_HUNT_FOOD',								'MODIFIER_ALL_CITIES_ATTACH_MODIFIER',							'CITY_FOLLOWS_PANTHEON_REQUIREMENTS'),
	('GODDESS_OF_THE_HUNT_FOOD_MOD',							'MODIFIER_CITY_PLOT_YIELDS_ADJUST_PLOT_YIELD',					'RS_PLOT_HAS_IMPROVEMENT_CAMP'),
	('GODDESS_OF_THE_HUNT_GOLD',								'MODIFIER_ALL_CITIES_ATTACH_MODIFIER',							'CITY_FOLLOWS_PANTHEON_REQUIREMENTS'),
	('GODDESS_OF_THE_HUNT_GOLD_MOD',							'MODIFIER_CITY_PLOT_YIELDS_ADJUST_PLOT_YIELD',					'RS_PLOT_HAS_IMPROVEMENT_CAMP'),
	('GODDESS_OF_THE_HUNT_FAITH',								'MODIFIER_ALL_CITIES_ATTACH_MODIFIER',							'CITY_FOLLOWS_PANTHEON_REQUIREMENTS'),
	('GODDESS_OF_THE_HUNT_FAITH_MOD',							'MODIFIER_CITY_PLOT_YIELDS_ADJUST_PLOT_YIELD',					'RS_PLOT_HAS_IMPROVEMENT_CAMP'),
	('GODDESS_OF_FESTIVALS_CULTURE',							'MODIFIER_ALL_CITIES_ATTACH_MODIFIER',							'CITY_FOLLOWS_PANTHEON_REQUIREMENTS'),
	('GODDESS_OF_FESTIVALS_CULTURE_MOD',						'MODIFIER_CITY_PLOT_YIELDS_ADJUST_PLOT_YIELD',					'RS_PLOT_HAS_IMPROVEMENT_PLANTATION'),
	('GODDESS_OF_FESTIVALS_GOLD',								'MODIFIER_ALL_CITIES_ATTACH_MODIFIER',							'CITY_FOLLOWS_PANTHEON_REQUIREMENTS'),
	('GODDESS_OF_FESTIVALS_GOLD_MOD',							'MODIFIER_CITY_PLOT_YIELDS_ADJUST_PLOT_YIELD',					'RS_PLOT_HAS_IMPROVEMENT_PLANTATION'),

--皮皮凯续写
	('ORAL_TRADITION_SANCTUM_FOREST_ADJACENT_ADD',				'MODIFIER_ALL_CITIES_ATTACH_MODIFIER',							'CITY_FOLLOWS_PANTHEON_REQUIREMENTS'),
	('ORAL_TRADITION_SANCTUM_FOREST_ADJACENT_ADD_MOD',			'MODIFIER_SINGLE_CITY_FEATURE_ADJACENCY',						NULL),
	('ORAL_TRADITION_CENTER_FOREST_ADJACENT_ADD',				'MODIFIER_ALL_CITIES_ATTACH_MODIFIER',							'CITY_FOLLOWS_PANTHEON_REQUIREMENTS'),
	('ORAL_TRADITION_CENTER_FOREST_ADJACENT_ADD_MOD',			'MODIFIER_SINGLE_CITY_FEATURE_ADJACENCY',						NULL),
	('RELIGIOUS_IDOLS_BONUS_GOLD',								'MODIFIER_ALL_CITIES_ATTACH_MODIFIER',							'CITY_FOLLOWS_PANTHEON_REQUIREMENTS'),
	('RELIGIOUS_IDOLS_BONUS_GOLD_MOD',							'MODIFIER_CITY_PLOT_YIELDS_ADJUST_PLOT_YIELD',					'RS_PLOT_HAS_IMPROVEMENT_MINE'),
	('RELIGIOUS_IDOLS_BONUS_FAITH',								'MODIFIER_ALL_CITIES_ATTACH_MODIFIER',							'CITY_FOLLOWS_PANTHEON_REQUIREMENTS'),
	('RELIGIOUS_IDOLS_BONUS_FAITH_MOD',							'MODIFIER_CITY_PLOT_YIELDS_ADJUST_PLOT_YIELD',					'RS_PLOT_HAS_IMPROVEMENT_MINE'),
	('LADY_OF_THE_REEDS_PRODUCTION_DA',							'MODIFIER_ALL_CITIES_ATTACH_MODIFIER',							'CITY_FOLLOWS_PANTHEON_REQUIREMENTS'),
	('LADY_OF_THE_REEDS_PRODUCTION_MOD',						'MODIFIER_CITY_PLOT_YIELDS_ADJUST_PLOT_YIELD',					'PLOT_HAS_REEDS_REQUIREMENTS'),--芦苇地REQ为官方
	('LADY_OF_THE_REEDS_FAITH',									'MODIFIER_ALL_CITIES_ATTACH_MODIFIER',							'CITY_FOLLOWS_PANTHEON_REQUIREMENTS'),
	('LADY_OF_THE_REEDS_FAITH_MOD',								'MODIFIER_CITY_PLOT_YIELDS_ADJUST_PLOT_YIELD',					'PLOT_HAS_REEDS_REQUIREMENTS'),
	('GODDESS_OF_FIRE_FEATURES_FAITH_DA',						'MODIFIER_ALL_CITIES_ATTACH_MODIFIER',							'CITY_FOLLOWS_PANTHEON_REQUIREMENTS'),
	('GODDESS_OF_FIRE_FEATURES_FAITH_MOD',						'MODIFIER_CITY_PLOT_YIELDS_ADJUST_PLOT_YIELD',					'PLOT_HAS_GODDES_FIRE_REQUIREMENTS'),--火山土地缝REQ官方
	('SACRED_PATH_SANCTUM_JUNGLE_ADJACENT_ADD',					'MODIFIER_ALL_CITIES_ATTACH_MODIFIER',							'CITY_FOLLOWS_PANTHEON_REQUIREMENTS'),
	('SACRED_PATH_SANCTUM_JUNGLE_ADJACENT_ADD_MOD',				'MODIFIER_SINGLE_CITY_FEATURE_ADJACENCY',						NULL),
	('SACRED_PATH_CENTER_JUNGLE_ADJACENT_ADD',					'MODIFIER_ALL_CITIES_ATTACH_MODIFIER',							'CITY_FOLLOWS_PANTHEON_REQUIREMENTS'),
	('SACRED_PATH_CENTER_JUNGLE_ADJACENT_ADD_MOD',				'MODIFIER_SINGLE_CITY_FEATURE_ADJACENCY',						NULL),
	('DANCE_OF_THE_AURORA_FAITH_TUNDRA_ADJACENCY',				'MODIFIER_ALL_CITIES_TERRAIN_ADJACENCY',						'CITY_FOLLOWS_PANTHEON_REQUIREMENTS'),
	('DANCE_OF_THE_AURORA_FAITH_TUNDRA_HILLS_ADJACENCY',		'MODIFIER_ALL_CITIES_TERRAIN_ADJACENCY',						'CITY_FOLLOWS_PANTHEON_REQUIREMENTS'),
	('DANCE_OF_THE_AURORA_FAITH_TUNDRA_ADJACENCY_CENTER',		'MODIFIER_ALL_CITIES_TERRAIN_ADJACENCY',						'CITY_FOLLOWS_PANTHEON_REQUIREMENTS'),
	('DANCE_OF_THE_AURORA_FAITH_TUNDRA_HILLS_ADJACENCY_CENTER',	'MODIFIER_ALL_CITIES_TERRAIN_ADJACENCY',						'CITY_FOLLOWS_PANTHEON_REQUIREMENTS'),
	('DANCE_OF_THE_AURORA_FAITH_TUNDRA_PLOT',					'MODIFIER_ALL_CITIES_ATTACH_MODIFIER',							'CITY_FOLLOWS_PANTHEON_REQUIREMENTS'),
	('DANCE_OF_THE_AURORA_FAITH_TUNDRA_PLOT_MOD',				'MODIFIER_CITY_PLOT_YIELDS_ADJUST_PLOT_YIELD',					'RS_PLOT_IS_TERRAIN_TUNDRA'),
	('DANCE_OF_THE_AURORA_FAITH_TUNDRA_HILLS_PLOT',				'MODIFIER_ALL_CITIES_ATTACH_MODIFIER',							'CITY_FOLLOWS_PANTHEON_REQUIREMENTS'),
	('DANCE_OF_THE_AURORA_FAITH_TUNDRA_HILLS_PLOT_MOD',			'MODIFIER_CITY_PLOT_YIELDS_ADJUST_PLOT_YIELD',					'RS_PLOT_IS_TERRAIN_TUNDRA_HILLS'),
	('DESERT_FOLKLORE_FAITH_DESERT_ADJACENCY',					'MODIFIER_ALL_CITIES_TERRAIN_ADJACENCY',						'CITY_FOLLOWS_PANTHEON_REQUIREMENTS'),
	('DESERT_FOLKLORE_FAITH_DESERT_HILLS_ADJACENCY',			'MODIFIER_ALL_CITIES_TERRAIN_ADJACENCY',						'CITY_FOLLOWS_PANTHEON_REQUIREMENTS'),
	('DESERT_FOLKLORE_FAITH_DESERT_ADJACENCY_CENTER',			'MODIFIER_ALL_CITIES_TERRAIN_ADJACENCY',						'CITY_FOLLOWS_PANTHEON_REQUIREMENTS'),
	('DESERT_FOLKLORE_FAITH_DESERT_HILLS_ADJACENCY_CENTER',		'MODIFIER_ALL_CITIES_TERRAIN_ADJACENCY',						'CITY_FOLLOWS_PANTHEON_REQUIREMENTS'),
	('DESERT_FOLKLORE_FAITH_DESERT_PLOT',						'MODIFIER_ALL_CITIES_ATTACH_MODIFIER',							'CITY_FOLLOWS_PANTHEON_REQUIREMENTS'),
	('DESERT_FOLKLORE_FAITH_DESERT_PLOT_MOD',					'MODIFIER_CITY_PLOT_YIELDS_ADJUST_PLOT_YIELD',					'RS_PLOT_IS_TERRAIN_DESERT'),
	('DESERT_FOLKLORE_FAITH_DESERT_HILLS_PLOT',					'MODIFIER_ALL_CITIES_ATTACH_MODIFIER',							'CITY_FOLLOWS_PANTHEON_REQUIREMENTS'),
	('DESERT_FOLKLORE_FAITH_DESERT_HILLS_PLOT_MOD',				'MODIFIER_CITY_PLOT_YIELDS_ADJUST_PLOT_YIELD',					'RS_PLOT_IS_TERRAIN_DESERT_HILLS'),
	('SEA_GODDESSS_FAITH_COAST_ADJACENCY',						'MODIFIER_ALL_CITIES_TERRAIN_ADJACENCY',						'CITY_FOLLOWS_PANTHEON_REQUIREMENTS'),
	('SEA_GODDESSS_FAITH_OCEAN_ADJACENCY',						'MODIFIER_ALL_CITIES_TERRAIN_ADJACENCY',						'CITY_FOLLOWS_PANTHEON_REQUIREMENTS'),
	('SEA_GODDESSS_FAITH_COAST_ADJACENCY_CENTER',				'MODIFIER_ALL_CITIES_TERRAIN_ADJACENCY',						'CITY_FOLLOWS_PANTHEON_REQUIREMENTS'),
	('SEA_GODDESSS_FAITH_OCEAN_ADJACENCY_CENTER',				'MODIFIER_ALL_CITIES_TERRAIN_ADJACENCY',						'CITY_FOLLOWS_PANTHEON_REQUIREMENTS'),
	('SEA_GODDESSS_FAITH_COAST_PLOT',							'MODIFIER_ALL_CITIES_ATTACH_MODIFIER',							'CITY_FOLLOWS_PANTHEON_REQUIREMENTS'),
	('SEA_GODDESSS_FAITH_COAST_PLOT_MOD',						'MODIFIER_CITY_PLOT_YIELDS_ADJUST_PLOT_YIELD',					'RS_PLOT_IS_TERRAIN_COAST'),
	('SEA_GODDESSS_FAITH_OCEAN_PLOT',							'MODIFIER_ALL_CITIES_ATTACH_MODIFIER',							'CITY_FOLLOWS_PANTHEON_REQUIREMENTS'),
	('SEA_GODDESSS_FAITH_OCEAN_PLOT_MOD',						'MODIFIER_CITY_PLOT_YIELDS_ADJUST_PLOT_YIELD',					'RS_PLOT_IS_TERRAIN_OCEAN'),
	('RIVER_GODDESS_FAITH_RIVER_ADJACENCY',						'MODIFIER_ALL_PLAYERS_ATTACH_MODIFIER',							'PLAYER_HAS_PANTHEON_REQUIREMENTS'),
	('RIVER_GODDESS_FAITH_RIVER_ADJACENCY_MOD',					'MODIFIER_PLAYER_CITIES_RIVER_ADJACENCY',						NULL),
	('RIVER_GODDESS_FAITH_RIVER_ADJACENCY_CENTER',				'MODIFIER_ALL_PLAYERS_ATTACH_MODIFIER',							'PLAYER_HAS_PANTHEON_REQUIREMENTS'),
	('RIVER_GODDESS_FAITH_RIVER_ADJACENCY_CENTER_MOD',			'MODIFIER_PLAYER_CITIES_RIVER_ADJACENCY',						NULL),
	('MOUNTAIN_GODDESS_FAITH_GRASS_M_ADJACENCY',				'MODIFIER_ALL_CITIES_TERRAIN_ADJACENCY',						'CITY_FOLLOWS_PANTHEON_REQUIREMENTS'),
	('MOUNTAIN_GODDESS_FAITH_GRASS_M_ADJACENCY_CENTER',			'MODIFIER_ALL_CITIES_TERRAIN_ADJACENCY',						'CITY_FOLLOWS_PANTHEON_REQUIREMENTS'),
	('MOUNTAIN_GODDESS_FAITH_PLAINS_M_ADJACENCY',				'MODIFIER_ALL_CITIES_TERRAIN_ADJACENCY',						'CITY_FOLLOWS_PANTHEON_REQUIREMENTS'),
	('MOUNTAIN_GODDESS_FAITH_PLAINS_M_ADJACENCY_CENTER',		'MODIFIER_ALL_CITIES_TERRAIN_ADJACENCY',						'CITY_FOLLOWS_PANTHEON_REQUIREMENTS'),
	('MOUNTAIN_GODDESS_FAITH_DESERT_M_ADJACENCY',				'MODIFIER_ALL_CITIES_TERRAIN_ADJACENCY',						'CITY_FOLLOWS_PANTHEON_REQUIREMENTS'),
	('MOUNTAIN_GODDESS_FAITH_DESERT_M_ADJACENCY_CENTER',		'MODIFIER_ALL_CITIES_TERRAIN_ADJACENCY',						'CITY_FOLLOWS_PANTHEON_REQUIREMENTS'),
	('MOUNTAIN_GODDESS_FAITH_TUNDRA_M_ADJACENCY',				'MODIFIER_ALL_CITIES_TERRAIN_ADJACENCY',						'CITY_FOLLOWS_PANTHEON_REQUIREMENTS'),
	('MOUNTAIN_GODDESS_FAITH_TUNDRA_M_ADJACENCY_CENTER',		'MODIFIER_ALL_CITIES_TERRAIN_ADJACENCY',						'CITY_FOLLOWS_PANTHEON_REQUIREMENTS'),
	('MOUNTAIN_GODDESS_FAITH_SNOW_M_ADJACENCY',					'MODIFIER_ALL_CITIES_TERRAIN_ADJACENCY',						'CITY_FOLLOWS_PANTHEON_REQUIREMENTS'),
	('MOUNTAIN_GODDESS_FAITH_SNOW_M_ADJACENCY_CENTER',			'MODIFIER_ALL_CITIES_TERRAIN_ADJACENCY',						'CITY_FOLLOWS_PANTHEON_REQUIREMENTS'),
	('MOUNTAIN_GODDESS_FAITH_SNOW_M_ADJACENCY_CENTER',			'MODIFIER_ALL_CITIES_TERRAIN_ADJACENCY',						'CITY_FOLLOWS_PANTHEON_REQUIREMENTS'),
	/*('MOUNTAIN_GODDESS_APPEAL_GRASS_MOUNTAIN',					'MODIFIER_ALL_CITIES_ATTACH_MODIFIER',							'CITY_FOLLOWS_PANTHEON_REQUIREMENTS'),
	('MOUNTAIN_GODDESS_APPEAL_GRASS_MOUNTAIN_MOD',				'MODIFIER_SINGLE_CITY_ADJUST_CITY_APPEAL',						'RS_PLOT_IS_TERRAIN_GRASS_MOUNTAIN'),
	('MOUNTAIN_GODDESS_APPEAL_PLAINS_MOUNTAIN',					'MODIFIER_ALL_CITIES_ATTACH_MODIFIER',							'CITY_FOLLOWS_PANTHEON_REQUIREMENTS'),
	('MOUNTAIN_GODDESS_APPEAL_PLAINS_MOUNTAIN_MOD',				'MODIFIER_SINGLE_CITY_ADJUST_CITY_APPEAL',						'RS_PLOT_IS_TERRAIN_PLAINS_MOUNTAIN'),
	('MOUNTAIN_GODDESS_APPEAL_DESERT_MOUNTAIN',					'MODIFIER_ALL_CITIES_ATTACH_MODIFIER',							'CITY_FOLLOWS_PANTHEON_REQUIREMENTS'),
	('MOUNTAIN_GODDESS_APPEAL_DESERT_MOUNTAIN_MOD',				'MODIFIER_SINGLE_CITY_ADJUST_CITY_APPEAL',						'RS_PLOT_IS_TERRAIN_DESERT_MOUNTAIN'),
	('MOUNTAIN_GODDESS_APPEAL_TUNDRA_MOUNTAIN',					'MODIFIER_ALL_CITIES_ATTACH_MODIFIER',							'CITY_FOLLOWS_PANTHEON_REQUIREMENTS'),
	('MOUNTAIN_GODDESS_APPEAL_TUNDRA_MOUNTAIN_MOD',				'MODIFIER_SINGLE_CITY_ADJUST_CITY_APPEAL',						'RS_PLOT_IS_TERRAIN_TUNDRA_MOUNTAIN'),
	('MOUNTAIN_GODDESS_APPEAL_SNOW_MOUNTAIN',					'MODIFIER_ALL_CITIES_ATTACH_MODIFIER',							'CITY_FOLLOWS_PANTHEON_REQUIREMENTS'),
	('MOUNTAIN_GODDESS_APPEAL_SNOW_MOUNTAIN_MOD',				'MODIFIER_SINGLE_CITY_ADJUST_CITY_APPEAL',						'RS_PLOT_IS_TERRAIN_SNOW_MOUNTAIN'),
	--('MOUNTAIN_GODDESS_APPEAL_MOUNTAIN',						'MODIFIER_ALL_CITIES_ATTACH_MODIFIER',							'CITY_FOLLOWS_PANTHEON_REQUIREMENTS'),
	--('MOUNTAIN_GODDESS_APPEAL_MOUNTAIN_MOD',					'MODIFIER_SINGLE_CITY_ADJUST_CITY_APPEAL',					'RS_PLOT_IS_TERRAIN_CLASS_MOUNTAIN'),*/
	('EARTH_GODDESS_APPEAL_FAITH_DA',							'MODIFIER_ALL_CITIES_ATTACH_MODIFIER',							'CITY_FOLLOWS_PANTHEON_REQUIREMENTS'),
	('EARTH_GODDESS_APPEAL_FAITH_DA_MOD',						'MODIFIER_CITY_PLOT_YIELDS_ADJUST_PLOT_YIELD',					'RS_PLOT_APPEAL_AT_LEAST_4'),
	('EARTH_GODDESS_APPEAL_GOLD_DA',							'MODIFIER_ALL_CITIES_ATTACH_MODIFIER',							'CITY_FOLLOWS_PANTHEON_REQUIREMENTS'),
	('EARTH_GODDESS_APPEAL_GOLD_DA_MOD',						'MODIFIER_CITY_PLOT_YIELDS_ADJUST_PLOT_YIELD',					'RS_PLOT_APPEAL_AT_LEAST_2'),
	('GODDESS_OF_THE_HARVEST_HARVEST_DA',						'MODIFIER_ALL_PLAYERS_ATTACH_MODIFIER',							'PLAYER_HAS_PANTHEON_REQUIREMENTS'),
	('GODDESS_OF_THE_HARVEST_HARVEST_DA_MOD',					'MODIFIER_PLAYER_GRANT_FAITH_FROM_HARVEST',						NULL),
	('GODDESS_OF_THE_HARVEST_REMOVE_FEATURE_DA',				'MODIFIER_ALL_PLAYERS_ATTACH_MODIFIER',							'PLAYER_HAS_PANTHEON_REQUIREMENTS'),
	('GODDESS_OF_THE_HARVEST_REMOVE_FEATURE_DA_MOD',			'MODIFIER_PLAYER_GRANT_FAITH_FROM_REMOVE_FEATURE',				NULL),
	('INITIATION_RITES_FAITH_DISPERSAL_DA',						'MODIFIER_ALL_PLAYERS_ATTACH_MODIFIER',							'PLAYER_HAS_PANTHEON_REQUIREMENTS'),
	('INITIATION_RITES_FAITH_DISPERSAL_DA_MOD',					'MODIFIER_PLAYER_ADJUST_FAITH_FROM_DISPERSAL',					NULL),
	('INITIATION_RITES_HEALING_DISPERSAL_DA',					'MODIFIER_ALL_PLAYERS_ATTACH_MODIFIER',							'PLAYER_HAS_PANTHEON_REQUIREMENTS'),
	('INITIATION_RITES_HEALING_DISPERSAL_DA_MOD',				'MODIFIER_PLAYER_ADJUST_HEALING_FROM_DISPERSAL',				NULL);




insert or replace into ModifierArguments
	(ModifierId,												Name,					Value)
values
	-- Follower
	('RELIGIOUS_SETTLEMENTS_EXPANSION',							'ModifierId',			'RELIGIOUS_SETTLEMENTS_EXPANSION_MOD'),
	('RELIGIOUS_SETTLEMENTS_EXPANSION_MOD',						'Amount',				'20'),
	('RELIGIOUS_SETTLEMENTS_GOLD',								'ModifierId',			'RELIGIOUS_SETTLEMENTS_GOLD_MOD'),
	('RELIGIOUS_SETTLEMENTS_GOLD_MOD',							'YieldType',			'YIELD_GOLD'),
	('RELIGIOUS_SETTLEMENTS_GOLD_MOD',							'Amount',				'1'),
	('RELIGIOUS_SETTLEMENTS_FAITH',								'ModifierId',			'RELIGIOUS_SETTLEMENTS_FAITH_MOD'),
	('RELIGIOUS_SETTLEMENTS_FAITH_MOD',							'YieldType',			'YIELD_FAITH'),
	('RELIGIOUS_SETTLEMENTS_FAITH_MOD',							'Amount',				'1'),
	('GOD_OF_THE_FORGE_UNIT_PRODUCTION',						'ModifierId',			'GOD_OF_THE_FORGE_UNIT_PRODUCTION_MOD'),
	('GOD_OF_THE_FORGE_UNIT_PRODUCTION_MOD',					'Amount',				'25'),
	('GOD_OF_THE_FORGE_UNIT_PRODUCTION_MOD',					'StartEra',				'ERA_ANCIENT'),
	('GOD_OF_THE_FORGE_UNIT_PRODUCTION_MOD',					'EndEra',				'ERA_CLASSICAL'),
	('GOD_OF_THE_FORGE_UNIT_FAITH',								'ModifierId',			'GOD_OF_THE_FORGE_UNIT_FAITH_MOD'),
	('GOD_OF_THE_FORGE_UNIT_FAITH_MOD',							'UnitProductionPercent','25'),
	('GOD_OF_THE_FORGE_UNIT_FAITH_MOD',							'YieldType',			'YIELD_FAITH'),
	('CITY_PATRON_GODDESS_FIRST_DISTRICT_PRODUCTION',			'ModifierId',			'CITY_PATRON_GODDESS_FIRST_DISTRICT_PRODUCTION_MOD'),
	('CITY_PATRON_GODDESS_FIRST_DISTRICT_PRODUCTION_MOD',		'Amount',				'25'),
	('DIVINE_SPARK_GREATPEOPLE_FAITH_SALE',						'ModifierId',			'DIVINE_SPARK_GREATPEOPLE_FAITH_SALE_MOD'),
	('DIVINE_SPARK_GREATPEOPLE_FAITH_SALE_MOD',					'YieldType',			'YIELD_FAITH'),
	('DIVINE_SPARK_GREATPEOPLE_FAITH_SALE_MOD',					'Amount',				'15'),
	('GOD_OF_WAR_COMBAT_FAITH',									'ModifierId',			'GOD_OF_WAR_COMBAT_FAITH_MOD'),
	('GOD_OF_WAR_COMBAT_FAITH_MOD',								'YieldType',			'YIELD_FAITH'),
	('GOD_OF_WAR_COMBAT_FAITH_MOD',								'PercentDefeatedStrength',	'50'),
	('GOD_OF_WAR_COMBAT_FAITH_PLUS',							'ModifierId',			'GOD_OF_WAR_COMBAT_FAITH_PLUS_MOD'),
	('GOD_OF_WAR_COMBAT_FAITH_PLUS_MOD',						'YieldType',			'YIELD_FAITH'),
	('GOD_OF_WAR_COMBAT_FAITH_PLUS_MOD',						'PercentDefeatedStrength',	'50'),
	('MONUMENT_TO_THE_GODS_WONDER_PRODUCTION',					'ModifierId',			'MONUMENT_TO_THE_GODS_WONDER_PRODUCTION_MOD'),
	('MONUMENT_TO_THE_GODS_WONDER_PRODUCTION_MOD',				'Amount',				'25'),
	('MONUMENT_TO_THE_GODS_WONDER_PRODUCTION_MOD',				'StartEra',				'ERA_ANCIENT'),
	('MONUMENT_TO_THE_GODS_WONDER_PRODUCTION_MOD',				'EndEra',				'ERA_CLASSICAL'),
	('MONUMENT_TO_THE_GODS_WONDER_PRODUCTION_MOD',				'IsWonder',				1),
	('FERTILITY_RITES_GROWTH',									'ModifierId',			'FERTILITY_RITES_GROWTH_MOD'),
	('FERTILITY_RITES_GROWTH_MOD',								'Amount',				'25'),
	('FERTILITY_RITES_FAITH',									'ModifierId',			'FERTILITY_RITES_GROWTH_MOD'),
	('FERTILITY_RITES_FAITH_MOD',								'Amount',				'0.3'),
	('FERTILITY_RITES_FAITH_MOD',								'YieldType',			'YIELD_FAITH'),
	('GOD_OF_CRAFTSMEN_STRATEGIC_FAITH',						'ModifierId',			'GOD_OF_CRAFTSMEN_STRATEGIC_FAITH_MOD'),
	('GOD_OF_CRAFTSMEN_STRATEGIC_FAITH_MOD',					'Amount',				'1'),
	('GOD_OF_CRAFTSMEN_STRATEGIC_FAITH_MOD',					'YieldType',			'YIELD_FAITH'),
	('GOD_OF_CRAFTSMEN_STRATEGIC_PRODUCTION',					'ModifierId',			'GOD_OF_CRAFTSMEN_STRATEGIC_PRODUCTION_MOD'),
	('GOD_OF_CRAFTSMEN_STRATEGIC_PRODUCTION_MOD',				'Amount',				'1'),
	('GOD_OF_CRAFTSMEN_STRATEGIC_PRODUCTION_MOD',				'YieldType',			'YIELD_PRODUCTION'),
	('GOD_OF_CRAFTSMEN_STRATEGIC_ACCUMULATION_MOD',				'ModifierId',			'GOD_OF_CRAFTSMEN_STRATEGIC_ACCUMULATION_MOD'),
	('GOD_OF_CRAFTSMEN_STRATEGIC_ACCUMULATION_MOD',				'Amount',				'1'),
	('GOD_OF_THE_OPEN_SKY_CULTURE',								'ModifierId',			'GOD_OF_THE_OPEN_SKY_CULTURE_MOD'),
	('GOD_OF_THE_OPEN_SKY_CULTURE_MOD',							'Amount',				'1'),
	('GOD_OF_THE_OPEN_SKY_CULTURE_MOD',							'YieldType',			'YIELD_CULTURE'),
	('GOD_OF_THE_OPEN_SKY_FAITH',								'ModifierId',			'GOD_OF_THE_OPEN_SKY_FAITH_MOD'),
	('GOD_OF_THE_OPEN_SKY_FAITH_MOD',							'Amount',				'1'),
	('GOD_OF_THE_OPEN_SKY_FAITH_MOD',							'YieldType',			'YIELD_FAITH'),	
	('GOD_OF_THE_SEA_GOLD',										'ModifierId',			'GOD_OF_THE_SEA_GOLD_MOD'),
	('GOD_OF_THE_SEA_GOLD_MOD',									'Amount',				'2'),
	('GOD_OF_THE_SEA_GOLD_MOD',									'YieldType',			'YIELD_GOLD'),
	('GOD_OF_THE_SEA_FAITH',									'ModifierId',			'GOD_OF_THE_SEA_FAITH_MOD'),
	('GOD_OF_THE_SEA_FAITH_MOD',								'Amount',				'2'),
	('GOD_OF_THE_SEA_FAITH_MOD',								'YieldType',			'YIELD_FAITH'),	
	('STONE_CIRCLES_FAITH',										'ModifierId',			'STONE_CIRCLES_FAITH_MOD'),
	('STONE_CIRCLES_FAITH_MOD',									'Amount',				'3'),
	('STONE_CIRCLES_FAITH_MOD',									'YieldType',			'YIELD_FAITH'),
	('GODDESS_OF_THE_HUNT_FOOD',								'ModifierId',			'GODDESS_OF_THE_HUNT_FOOD_MOD'),
	('GODDESS_OF_THE_HUNT_FOOD_MOD',							'Amount',				'1'),
	('GODDESS_OF_THE_HUNT_FOOD_MOD',							'YieldType',			'YIELD_FOOD'),
	('GODDESS_OF_THE_HUNT_GOLD',								'ModifierId',			'GODDESS_OF_THE_HUNT_GOLD_MOD'),
	('GODDESS_OF_THE_HUNT_GOLD_MOD',							'Amount',				'2'),
	('GODDESS_OF_THE_HUNT_GOLD_MOD',							'YieldType',			'YIELD_GOLD'),
	('GODDESS_OF_THE_HUNT_FAITH',								'ModifierId',			'GODDESS_OF_THE_HUNT_FAITH_MOD'),
	('GODDESS_OF_THE_HUNT_FAITH_MOD',							'Amount',				'1'),
	('GODDESS_OF_THE_HUNT_FAITH_MOD',							'YieldType',			'YIELD_FAITH'),
	('GODDESS_OF_FESTIVALS_CULTURE',							'ModifierId',			'GODDESS_OF_FESTIVALS_CULTURE_MOD'),
	('GODDESS_OF_FESTIVALS_CULTURE_MOD',						'Amount',				'1'),
	('GODDESS_OF_FESTIVALS_CULTURE_MOD',						'YieldType',			'YIELD_CULTURE'),
	('GODDESS_OF_FESTIVALS_GOLD',								'ModifierId',			'GODDESS_OF_FESTIVALS_GOLD_MOD'),
	('GODDESS_OF_FESTIVALS_GOLD_MOD',							'Amount',				'2'),
	('GODDESS_OF_FESTIVALS_GOLD_MOD',							'YieldType',			'YIELD_GOLD'),
		
--皮皮凯续写
	('ORAL_TRADITION_SANCTUM_FOREST_ADJACENT_ADD',				'ModifierId',			'ORAL_TRADITION_SANCTUM_FOREST_ADJACENT_ADD_MOD'),
	('ORAL_TRADITION_SANCTUM_FOREST_ADJACENT_ADD_MOD',			'Amount',				'1'),
	('ORAL_TRADITION_SANCTUM_FOREST_ADJACENT_ADD_MOD',			'Description',			'LOC_STAVE_CHURCH_FOREST_FAITH'),
	('ORAL_TRADITION_SANCTUM_FOREST_ADJACENT_ADD_MOD',			'DistrictType',			'DISTRICT_HOLY_SITE'),
	('ORAL_TRADITION_SANCTUM_FOREST_ADJACENT_ADD_MOD',			'FeatureType',			'FEATURE_FOREST'),
	('ORAL_TRADITION_SANCTUM_FOREST_ADJACENT_ADD_MOD',			'YieldType',			'YIELD_FAITH'),
	('ORAL_TRADITION_CENTER_FOREST_ADJACENT_ADD',				'ModifierId',			'ORAL_TRADITION_CENTER_FOREST_ADJACENT_ADD_MOD'),
	('ORAL_TRADITION_CENTER_FOREST_ADJACENT_ADD_MOD',			'Amount',				'1'),
	('ORAL_TRADITION_CENTER_FOREST_ADJACENT_ADD_MOD',			'Description',			'LOC_STAVE_CHURCH_FOREST_FAITH'),
	('ORAL_TRADITION_CENTER_FOREST_ADJACENT_ADD_MOD',			'DistrictType',			'DISTRICT_CITY_CENTER'),
	('ORAL_TRADITION_CENTER_FOREST_ADJACENT_ADD_MOD',			'FeatureType',			'FEATURE_FOREST'),
	('ORAL_TRADITION_CENTER_FOREST_ADJACENT_ADD_MOD',			'YieldType',			'YIELD_FAITH'),
	('RELIGIOUS_IDOLS_BONUS_GOLD',								'ModifierId',			'RELIGIOUS_IDOLS_BONUS_GOLD_MOD'),
	('RELIGIOUS_IDOLS_BONUS_GOLD_MOD',							'Amount',				'2'),
	('RELIGIOUS_IDOLS_BONUS_GOLD_MOD',							'YieldType',			'YIELD_GOLD'),
	('RELIGIOUS_IDOLS_BONUS_FAITH',								'ModifierId',			'RELIGIOUS_IDOLS_BONUS_FAITH_MOD'),
	('RELIGIOUS_IDOLS_BONUS_FAITH_MOD',							'Amount',				'1'),
	('RELIGIOUS_IDOLS_BONUS_FAITH_MOD',							'YieldType',			'YIELD_FAITH'),
	('LADY_OF_THE_REEDS_PRODUCTION_DA',							'ModifierId',			'LADY_OF_THE_REEDS_PRODUCTION_MOD'),
	('LADY_OF_THE_REEDS_PRODUCTION_MOD',						'Amount',				'2'),
	('LADY_OF_THE_REEDS_PRODUCTION_MOD',						'YieldType',			'YIELD_PRODUCTION'),
	('LADY_OF_THE_REEDS_FAITH',									'ModifierId',			'LADY_OF_THE_REEDS_FAITH_MOD'),
	('LADY_OF_THE_REEDS_FAITH_MOD',								'Amount',				'1'),
	('LADY_OF_THE_REEDS_FAITH_MOD',								'YieldType',			'YIELD_FAITH'),
	('GODDESS_OF_FIRE_FEATURES_FAITH_DA',						'ModifierId',			'GODDESS_OF_FIRE_FEATURES_FAITH_MOD'),
	('GODDESS_OF_FIRE_FEATURES_FAITH_MOD',						'Amount',				'4'),
	('GODDESS_OF_FIRE_FEATURES_FAITH_MOD',						'YieldType',			'YIELD_FAITH'),
	('SACRED_PATH_SANCTUM_JUNGLE_ADJACENT_ADD',					'ModifierId',			'SACRED_PATH_SANCTUM_JUNGLE_ADJACENT_ADD_MOD'),
	('SACRED_PATH_SANCTUM_JUNGLE_ADJACENT_ADD_MOD',				'Amount',				'1'),
	('SACRED_PATH_SANCTUM_JUNGLE_ADJACENT_ADD_MOD',				'Description',			'LOC_STAVE_CHURCH_JUNGLE_FAITH'),
	('SACRED_PATH_SANCTUM_JUNGLE_ADJACENT_ADD_MOD',				'DistrictType',			'DISTRICT_HOLY_SITE'),
	('SACRED_PATH_SANCTUM_JUNGLE_ADJACENT_ADD_MOD',				'FeatureType',			'FEATURE_JUNGLE'),
	('SACRED_PATH_SANCTUM_JUNGLE_ADJACENT_ADD_MOD',				'YieldType',			'YIELD_FAITH'),
	('SACRED_PATH_CENTER_JUNGLE_ADJACENT_ADD',					'ModifierId',			'SACRED_PATH_CENTER_JUNGLE_ADJACENT_ADD_MOD'),
	('SACRED_PATH_CENTER_JUNGLE_ADJACENT_ADD_MOD',				'Amount',				'1'),
	('SACRED_PATH_CENTER_JUNGLE_ADJACENT_ADD_MOD',				'Description',			'LOC_STAVE_CHURCH_JUNGLE_FAITH'),
	('SACRED_PATH_CENTER_JUNGLE_ADJACENT_ADD_MOD',				'DistrictType',			'DISTRICT_CITY_CENTER'),
	('SACRED_PATH_CENTER_JUNGLE_ADJACENT_ADD_MOD',				'FeatureType',			'FEATURE_JUNGLE'),
	('SACRED_PATH_CENTER_JUNGLE_ADJACENT_ADD_MOD',				'YieldType',			'YIELD_FAITH'),
	('DANCE_OF_THE_AURORA_FAITH_TUNDRA_ADJACENCY',				'DistrictType',			'DISTRICT_HOLY_SITE'),
	('DANCE_OF_THE_AURORA_FAITH_TUNDRA_ADJACENCY',				'TerrainType',			'TERRAIN_TUNDRA'),
	('DANCE_OF_THE_AURORA_FAITH_TUNDRA_ADJACENCY',				'Amount',				'1'),
	('DANCE_OF_THE_AURORA_FAITH_TUNDRA_ADJACENCY',				'Description',			'LOC_DISTRICT_TUNDRA_FAITH'),
	('DANCE_OF_THE_AURORA_FAITH_TUNDRA_ADJACENCY',				'YieldType',			'YIELD_FAITH'),
	('DANCE_OF_THE_AURORA_FAITH_TUNDRA_HILLS_ADJACENCY',		'DistrictType',			'DISTRICT_HOLY_SITE'),
	('DANCE_OF_THE_AURORA_FAITH_TUNDRA_HILLS_ADJACENCY',		'TerrainType',			'TERRAIN_TUNDRA_HILLS'),
	('DANCE_OF_THE_AURORA_FAITH_TUNDRA_HILLS_ADJACENCY',		'Amount',				'1'),
	('DANCE_OF_THE_AURORA_FAITH_TUNDRA_HILLS_ADJACENCY',		'Description',			'LOC_DISTRICT_TUNDRA_FAITH'),
	('DANCE_OF_THE_AURORA_FAITH_TUNDRA_HILLS_ADJACENCY',		'YieldType',			'YIELD_FAITH'),
	('DANCE_OF_THE_AURORA_FAITH_TUNDRA_ADJACENCY_CENTER',		'DistrictType',			'DISTRICT_CITY_CENTER'),
	('DANCE_OF_THE_AURORA_FAITH_TUNDRA_ADJACENCY_CENTER',		'TerrainType',			'TERRAIN_TUNDRA'),
	('DANCE_OF_THE_AURORA_FAITH_TUNDRA_ADJACENCY_CENTER',		'Amount',				'1'),
	('DANCE_OF_THE_AURORA_FAITH_TUNDRA_ADJACENCY_CENTER',		'Description',			'LOC_DISTRICT_TUNDRA_FAITH'),
	('DANCE_OF_THE_AURORA_FAITH_TUNDRA_ADJACENCY_CENTER',		'YieldType',			'YIELD_FAITH'),
	('DANCE_OF_THE_AURORA_FAITH_TUNDRA_HILLS_ADJACENCY_CENTER',	'DistrictType',			'DISTRICT_CITY_CENTER'),
	('DANCE_OF_THE_AURORA_FAITH_TUNDRA_HILLS_ADJACENCY_CENTER',	'TerrainType',			'TERRAIN_TUNDRA_HILLS'),
	('DANCE_OF_THE_AURORA_FAITH_TUNDRA_HILLS_ADJACENCY_CENTER',	'Amount',				'1'),
	('DANCE_OF_THE_AURORA_FAITH_TUNDRA_HILLS_ADJACENCY_CENTER',	'Description',			'LOC_DISTRICT_TUNDRA_FAITH'),
	('DANCE_OF_THE_AURORA_FAITH_TUNDRA_HILLS_ADJACENCY_CENTER',	'YieldType',			'YIELD_FAITH'),
	('DANCE_OF_THE_AURORA_FAITH_TUNDRA_PLOT',					'ModifierId',			'DANCE_OF_THE_AURORA_FAITH_TUNDRA_PLOT_MOD'),
	('DANCE_OF_THE_AURORA_FAITH_TUNDRA_PLOT_MOD',				'Amount',				'1'),
	('DANCE_OF_THE_AURORA_FAITH_TUNDRA_PLOT_MOD',				'YieldType',			'YIELD_FAITH'),
	('DANCE_OF_THE_AURORA_FAITH_TUNDRA_HILLS_PLOT',				'ModifierId',			'DANCE_OF_THE_AURORA_FAITH_TUNDRA_HILLS_PLOT_MOD'),
	('DANCE_OF_THE_AURORA_FAITH_TUNDRA_HILLS_PLOT_MOD',			'Amount',				'1'),
	('DANCE_OF_THE_AURORA_FAITH_TUNDRA_HILLS_PLOT_MOD',			'YieldType',			'YIELD_FAITH'),
	('DESERT_FOLKLORE_FAITH_DESERT_ADJACENCY',					'DistrictType',			'DISTRICT_HOLY_SITE'),
	('DESERT_FOLKLORE_FAITH_DESERT_ADJACENCY',					'TerrainType',			'TERRAIN_DESERT'),
	('DESERT_FOLKLORE_FAITH_DESERT_ADJACENCY',					'Amount',				'1'),
	('DESERT_FOLKLORE_FAITH_DESERT_ADJACENCY',					'Description',			'LOC_DISTRICT_DESERT_FAITH'),
	('DESERT_FOLKLORE_FAITH_DESERT_ADJACENCY',					'YieldType',			'YIELD_FAITH'),
	('DESERT_FOLKLORE_FAITH_DESERT_ADJACENCY_CENTER',			'DistrictType',			'DISTRICT_CITY_CENTER'),
	('DESERT_FOLKLORE_FAITH_DESERT_ADJACENCY_CENTER',			'TerrainType',			'TERRAIN_DESERT'),
	('DESERT_FOLKLORE_FAITH_DESERT_ADJACENCY_CENTER',			'Amount',				'1'),
	('DESERT_FOLKLORE_FAITH_DESERT_ADJACENCY_CENTER',			'Description',			'LOC_DISTRICT_DESERT_FAITH'),
	('DESERT_FOLKLORE_FAITH_DESERT_ADJACENCY_CENTER',			'YieldType',			'YIELD_FAITH'),
	('DESERT_FOLKLORE_FAITH_DESERT_HILLS_ADJACENCY',			'DistrictType',			'DISTRICT_HOLY_SITE'),
	('DESERT_FOLKLORE_FAITH_DESERT_HILLS_ADJACENCY',			'TerrainType',			'TERRAIN_DESERT_HILLS'),
	('DESERT_FOLKLORE_FAITH_DESERT_HILLS_ADJACENCY',			'Amount',				'1'),
	('DESERT_FOLKLORE_FAITH_DESERT_HILLS_ADJACENCY',			'Description',			'LOC_DISTRICT_DESERT_FAITH'),
	('DESERT_FOLKLORE_FAITH_DESERT_HILLS_ADJACENCY',			'YieldType',			'YIELD_FAITH'),
	('DESERT_FOLKLORE_FAITH_DESERT_HILLS_ADJACENCY_CENTER',		'DistrictType',			'DISTRICT_CITY_CENTER'),
	('DESERT_FOLKLORE_FAITH_DESERT_HILLS_ADJACENCY_CENTER',		'TerrainType',			'TERRAIN_DESERT_HILLS'),
	('DESERT_FOLKLORE_FAITH_DESERT_HILLS_ADJACENCY_CENTER',		'Amount',				'1'),
	('DESERT_FOLKLORE_FAITH_DESERT_HILLS_ADJACENCY_CENTER',		'Description',			'LOC_DISTRICT_DESERT_FAITH'),
	('DESERT_FOLKLORE_FAITH_DESERT_HILLS_ADJACENCY_CENTER',		'YieldType',			'YIELD_FAITH'),
	('DESERT_FOLKLORE_FAITH_DESERT_PLOT',						'ModifierId',			'DESERT_FOLKLORE_FAITH_DESERT_PLOT_MOD'),
	('DESERT_FOLKLORE_FAITH_DESERT_PLOT_MOD',					'Amount',				'1'),
	('DESERT_FOLKLORE_FAITH_DESERT_PLOT_MOD',					'YieldType',			'YIELD_FAITH'),
	('DESERT_FOLKLORE_FAITH_DESERT_HILLS_PLOT',					'ModifierId',			'DESERT_FOLKLORE_FAITH_DESERT_HILLS_PLOT_MOD'),
	('DESERT_FOLKLORE_FAITH_DESERT_HILLS_PLOT_MOD',				'Amount',				'1'),
	('DESERT_FOLKLORE_FAITH_DESERT_HILLS_PLOT_MOD',				'YieldType',			'YIELD_FAITH'),
	('SEA_GODDESSS_FAITH_COAST_ADJACENCY',						'DistrictType',			'DISTRICT_HOLY_SITE'),
	('SEA_GODDESSS_FAITH_COAST_ADJACENCY',						'TerrainType',			'TERRAIN_COAST'),
	('SEA_GODDESSS_FAITH_COAST_ADJACENCY',						'Amount',				'1'),
	('SEA_GODDESSS_FAITH_COAST_ADJACENCY',						'Description',			'LOC_DISTRICT_COAST_FAITH'),--LOC_DISTRICT_COAST_FAITH这个信仰值来自相邻海洋浅海的文本官方没有需要我们自己定义
	('SEA_GODDESSS_FAITH_COAST_ADJACENCY',						'YieldType',			'YIELD_FAITH'),
	('SEA_GODDESSS_FAITH_OCEAN_ADJACENCY',						'DistrictType',			'DISTRICT_HOLY_SITE'),
	('SEA_GODDESSS_FAITH_OCEAN_ADJACENCY',						'TerrainType',			'TERRAIN_OCEAN'),
	('SEA_GODDESSS_FAITH_OCEAN_ADJACENCY',						'Amount',				'1'),
	('SEA_GODDESSS_FAITH_OCEAN_ADJACENCY',						'Description',			'LOC_DISTRICT_COAST_FAITH'),
	('SEA_GODDESSS_FAITH_OCEAN_ADJACENCY',						'YieldType',			'YIELD_FAITH'),
	('SEA_GODDESSS_FAITH_COAST_ADJACENCY_CENTER',				'DistrictType',			'DISTRICT_CITY_CENTER'),
	('SEA_GODDESSS_FAITH_COAST_ADJACENCY_CENTER',				'TerrainType',			'TERRAIN_COAST'),
	('SEA_GODDESSS_FAITH_COAST_ADJACENCY_CENTER',				'Amount',				'1'),
	('SEA_GODDESSS_FAITH_COAST_ADJACENCY_CENTER',				'Description',			'LOC_DISTRICT_COAST_FAITH'),
	('SEA_GODDESSS_FAITH_COAST_ADJACENCY_CENTER',				'YieldType',			'YIELD_FAITH'),
	('SEA_GODDESSS_FAITH_OCEAN_ADJACENCY_CENTER',				'DistrictType',			'DISTRICT_CITY_CENTER'),
	('SEA_GODDESSS_FAITH_OCEAN_ADJACENCY_CENTER',				'TerrainType',			'TERRAIN_OCEAN'),
	('SEA_GODDESSS_FAITH_OCEAN_ADJACENCY_CENTER',				'Amount',				'1'),
	('SEA_GODDESSS_FAITH_OCEAN_ADJACENCY_CENTER',				'Description',			'LOC_DISTRICT_COAST_FAITH'),
	('SEA_GODDESSS_FAITH_OCEAN_ADJACENCY_CENTER',				'YieldType',			'YIELD_FAITH'),
	('SEA_GODDESSS_FAITH_COAST_PLOT',							'ModifierId',			'SEA_GODDESSS_FAITH_COAST_PLOT_MOD'),
	('SEA_GODDESSS_FAITH_COAST_PLOT_MOD',						'Amount',				'1'),
	('SEA_GODDESSS_FAITH_COAST_PLOT_MOD',						'YieldType',			'YIELD_FAITH'),
	('SEA_GODDESSS_FAITH_OCEAN_PLOT',							'ModifierId',			'SEA_GODDESSS_FAITH_OCEAN_PLOT_MOD'),
	('SEA_GODDESSS_FAITH_OCEAN_PLOT_MOD',						'Amount',				'1'),
	('SEA_GODDESSS_FAITH_OCEAN_PLOT_MOD',						'YieldType',			'YIELD_FAITH'),
	('RIVER_GODDESS_FAITH_RIVER_ADJACENCY',						'ModifierId',			'RIVER_GODDESS_FAITH_RIVER_ADJACENCY_MOD'), 
	('RIVER_GODDESS_FAITH_RIVER_ADJACENCY_MOD',					'Amount',				'3'), 
	('RIVER_GODDESS_FAITH_RIVER_ADJACENCY_MOD',					'Description',			'LOC_DISTRICT_RIVER_FAITH'), --LOC_DISTRICT_RIVER_FAITH这个信仰值来自相邻河流的文本官方没有需要我们自己定义
	('RIVER_GODDESS_FAITH_RIVER_ADJACENCY_MOD',					'DistrictType',			'DISTRICT_HOLY_SITE'), 
	('RIVER_GODDESS_FAITH_RIVER_ADJACENCY_MOD',					'YieldType',			'YIELD_FAITH'),
	('RIVER_GODDESS_FAITH_RIVER_ADJACENCY_CENTER',				'ModifierId',			'RIVER_GODDESS_FAITH_RIVER_ADJACENCY_CENTER_MOD'), 
	('RIVER_GODDESS_FAITH_RIVER_ADJACENCY_CENTER_MOD',			'Amount',				'3'), 
	('RIVER_GODDESS_FAITH_RIVER_ADJACENCY_CENTER_MOD',			'Description',			'LOC_DISTRICT_RIVER_FAITH'), 
	('RIVER_GODDESS_FAITH_RIVER_ADJACENCY_CENTER_MOD',			'DistrictType',			'DISTRICT_CITY_CENTER'), 
	('RIVER_GODDESS_FAITH_RIVER_ADJACENCY_CENTER_MOD',			'YieldType',			'YIELD_FAITH'),
	('MOUNTAIN_GODDESS_FAITH_GRASS_M_ADJACENCY',				'DistrictType',			'DISTRICT_HOLY_SITE'),
	('MOUNTAIN_GODDESS_FAITH_GRASS_M_ADJACENCY',				'TerrainType',			'TERRAIN_GRASS_MOUNTAIN'),
	('MOUNTAIN_GODDESS_FAITH_GRASS_M_ADJACENCY',				'Amount',				'1'),
	('MOUNTAIN_GODDESS_FAITH_GRASS_M_ADJACENCY',				'Description',			'LOC_DISTRICT_MOUNTAIN_FAITH'),
	('MOUNTAIN_GODDESS_FAITH_GRASS_M_ADJACENCY',				'YieldType',			'YIELD_FAITH'),
	('MOUNTAIN_GODDESS_FAITH_GRASS_M_ADJACENCY_CENTER',			'DistrictType',			'DISTRICT_CITY_CENTER'),
	('MOUNTAIN_GODDESS_FAITH_GRASS_M_ADJACENCY_CENTER',			'TerrainType',			'TERRAIN_GRASS_MOUNTAIN'),
	('MOUNTAIN_GODDESS_FAITH_GRASS_M_ADJACENCY_CENTER',			'Amount',				'1'),
	('MOUNTAIN_GODDESS_FAITH_GRASS_M_ADJACENCY_CENTER',			'Description',			'LOC_DISTRICT_MOUNTAIN_FAITH'),
	('MOUNTAIN_GODDESS_FAITH_GRASS_M_ADJACENCY_CENTER',			'YieldType',			'YIELD_FAITH'),
	('MOUNTAIN_GODDESS_FAITH_PLAINS_M_ADJACENCY',				'DistrictType',			'DISTRICT_HOLY_SITE'),
	('MOUNTAIN_GODDESS_FAITH_PLAINS_M_ADJACENCY',				'TerrainType',			'TERRAIN_PLAINS_MOUNTAIN'),
	('MOUNTAIN_GODDESS_FAITH_PLAINS_M_ADJACENCY',				'Amount',				'1'),
	('MOUNTAIN_GODDESS_FAITH_PLAINS_M_ADJACENCY',				'Description',			'LOC_DISTRICT_MOUNTAIN_FAITH'),
	('MOUNTAIN_GODDESS_FAITH_PLAINS_M_ADJACENCY',				'YieldType',			'YIELD_FAITH'),
	('MOUNTAIN_GODDESS_FAITH_PLAINS_M_ADJACENCY_CENTER',		'DistrictType',			'DISTRICT_CITY_CENTER'),
	('MOUNTAIN_GODDESS_FAITH_PLAINS_M_ADJACENCY_CENTER',		'TerrainType',			'TERRAIN_PLAINS_MOUNTAIN'),
	('MOUNTAIN_GODDESS_FAITH_PLAINS_M_ADJACENCY_CENTER',		'Amount',				'1'),
	('MOUNTAIN_GODDESS_FAITH_PLAINS_M_ADJACENCY_CENTER',		'Description',			'LOC_DISTRICT_MOUNTAIN_FAITH'),
	('MOUNTAIN_GODDESS_FAITH_PLAINS_M_ADJACENCY_CENTER',		'YieldType',			'YIELD_FAITH'),
	('MOUNTAIN_GODDESS_FAITH_DESERT_M_ADJACENCY',				'DistrictType',			'DISTRICT_HOLY_SITE'),
	('MOUNTAIN_GODDESS_FAITH_DESERT_M_ADJACENCY',				'TerrainType',			'TERRAIN_DESERT_MOUNTAIN'),
	('MOUNTAIN_GODDESS_FAITH_DESERT_M_ADJACENCY',				'Amount',				'1'),
	('MOUNTAIN_GODDESS_FAITH_DESERT_M_ADJACENCY',				'Description',			'LOC_DISTRICT_MOUNTAIN_FAITH'),
	('MOUNTAIN_GODDESS_FAITH_DESERT_M_ADJACENCY',				'YieldType',			'YIELD_FAITH'),
	('MOUNTAIN_GODDESS_FAITH_DESERT_M_ADJACENCY_CENTER',		'DistrictType',			'DISTRICT_CITY_CENTER'),
	('MOUNTAIN_GODDESS_FAITH_DESERT_M_ADJACENCY_CENTER',		'TerrainType',			'TERRAIN_DESERT_MOUNTAIN'),
	('MOUNTAIN_GODDESS_FAITH_DESERT_M_ADJACENCY_CENTER',		'Amount',				'1'),
	('MOUNTAIN_GODDESS_FAITH_DESERT_M_ADJACENCY_CENTER',		'Description',			'LOC_DISTRICT_MOUNTAIN_FAITH'),
	('MOUNTAIN_GODDESS_FAITH_DESERT_M_ADJACENCY_CENTER',		'YieldType',			'YIELD_FAITH'),
	('MOUNTAIN_GODDESS_FAITH_TUNDRA_M_ADJACENCY',				'DistrictType',			'DISTRICT_HOLY_SITE'),
	('MOUNTAIN_GODDESS_FAITH_TUNDRA_M_ADJACENCY',				'TerrainType',			'TERRAIN_TUNDRA_MOUNTAIN'),
	('MOUNTAIN_GODDESS_FAITH_TUNDRA_M_ADJACENCY',				'Amount',				'1'),
	('MOUNTAIN_GODDESS_FAITH_TUNDRA_M_ADJACENCY',				'Description',			'LOC_DISTRICT_MOUNTAIN_FAITH'),
	('MOUNTAIN_GODDESS_FAITH_TUNDRA_M_ADJACENCY',				'YieldType',			'YIELD_FAITH'),
	('MOUNTAIN_GODDESS_FAITH_TUNDRA_M_ADJACENCY_CENTER',		'DistrictType',			'DISTRICT_CITY_CENTER'),
	('MOUNTAIN_GODDESS_FAITH_TUNDRA_M_ADJACENCY_CENTER',		'TerrainType',			'TERRAIN_TUNDRA_MOUNTAIN'),
	('MOUNTAIN_GODDESS_FAITH_TUNDRA_M_ADJACENCY_CENTER',		'Amount',				'1'),
	('MOUNTAIN_GODDESS_FAITH_TUNDRA_M_ADJACENCY_CENTER',		'Description',			'LOC_DISTRICT_MOUNTAIN_FAITH'),
	('MOUNTAIN_GODDESS_FAITH_TUNDRA_M_ADJACENCY_CENTER',		'YieldType',			'YIELD_FAITH'),
	('MOUNTAIN_GODDESS_FAITH_SNOW_M_ADJACENCY',					'DistrictType',			'DISTRICT_HOLY_SITE'),
	('MOUNTAIN_GODDESS_FAITH_SNOW_M_ADJACENCY',					'TerrainType',			'TERRAIN_SNOW_MOUNTAIN'),
	('MOUNTAIN_GODDESS_FAITH_SNOW_M_ADJACENCY',					'Amount',				'1'),
	('MOUNTAIN_GODDESS_FAITH_SNOW_M_ADJACENCY',					'Description',			'LOC_DISTRICT_MOUNTAIN_FAITH'),
	('MOUNTAIN_GODDESS_FAITH_SNOW_M_ADJACENCY',					'YieldType',			'YIELD_FAITH'),
	('MOUNTAIN_GODDESS_FAITH_SNOW_M_ADJACENCY_CENTER',			'DistrictType',			'DISTRICT_CITY_CENTER'),
	('MOUNTAIN_GODDESS_FAITH_SNOW_M_ADJACENCY_CENTER',			'TerrainType',			'TERRAIN_SNOW_MOUNTAIN'),
	('MOUNTAIN_GODDESS_FAITH_SNOW_M_ADJACENCY_CENTER',			'Amount',				'1'),
	('MOUNTAIN_GODDESS_FAITH_SNOW_M_ADJACENCY_CENTER',			'Description',			'LOC_DISTRICT_MOUNTAIN_FAITH'),
	('MOUNTAIN_GODDESS_FAITH_SNOW_M_ADJACENCY_CENTER',			'YieldType',			'YIELD_FAITH'),
/*	
	('MOUNTAIN_GODDESS_APPEAL_GRASS_MOUNTAIN',					'ModifierId',			'MOUNTAIN_GODDESS_APPEAL_GRASS_MOUNTAIN_MOD'),
	('MOUNTAIN_GODDESS_APPEAL_GRASS_MOUNTAIN_MOD',				'Amount',				'1'),
	('MOUNTAIN_GODDESS_APPEAL_PLAINS_MOUNTAIN',					'ModifierId',			'MOUNTAIN_GODDESS_APPEAL_PLAINS_MOUNTAIN_MOD'),
	('MOUNTAIN_GODDESS_APPEAL_PLAINS_MOUNTAIN_MOD',				'Amount',				'1'),
	('MOUNTAIN_GODDESS_APPEAL_DESERT_MOUNTAIN',					'ModifierId',			'MOUNTAIN_GODDESS_APPEAL_DESERT_MOUNTAIN_MOD'),
	('MOUNTAIN_GODDESS_APPEAL_DESERT_MOUNTAIN_MOD',				'Amount',				'1'),
	('MOUNTAIN_GODDESS_APPEAL_TUNDRA_MOUNTAIN',					'ModifierId',			'MOUNTAIN_GODDESS_APPEAL_TUNDRA_MOUNTAIN_MOD'),
	('MOUNTAIN_GODDESS_APPEAL_TUNDRA_MOUNTAIN_MOD',				'Amount',				'1'),
	('MOUNTAIN_GODDESS_APPEAL_SNOW_MOUNTAIN',					'ModifierId',			'MOUNTAIN_GODDESS_APPEAL_SNOW_MOUNTAIN_MOD'),
	('MOUNTAIN_GODDESS_APPEAL_SNOW_MOUNTAIN_MOD',				'Amount',				'1'),
	--('MOUNTAIN_GODDESS_APPEAL_MOUNTAIN',						'ModifierId',			'MOUNTAIN_GODDESS_APPEAL_MOUNTAIN_MOD'),
	--('MOUNTAIN_GODDESS_APPEAL_MOUNTAIN_MOD',					'Amount',				'1'),*/
	('EARTH_GODDESS_APPEAL_FAITH_DA',							'ModifierId',			'EARTH_GODDESS_APPEAL_FAITH_DA_MOD'),
	('EARTH_GODDESS_APPEAL_FAITH_DA_MOD',						'YieldType',			'YIELD_FAITH'),
	('EARTH_GODDESS_APPEAL_FAITH_DA_MOD',						'Amount',				'1'),
	('EARTH_GODDESS_APPEAL_GOLD_DA',							'ModifierId',			'EARTH_GODDESS_APPEAL_GOLD_DA_MOD'),
	('EARTH_GODDESS_APPEAL_GOLD_DA_MOD',						'YieldType',			'YIELD_GOLD'),
	('EARTH_GODDESS_APPEAL_GOLD_DA_MOD',						'Amount',				'1'),

	('GODDESS_OF_THE_HARVEST_HARVEST_DA',						'ModifierId',			'GODDESS_OF_THE_HARVEST_HARVEST_DA_MOD'),
	('GODDESS_OF_THE_HARVEST_HARVEST_DA_MOD',					'Amount',				'100'),
	('GODDESS_OF_THE_HARVEST_REMOVE_FEATURE_DA',				'ModifierId',			'GODDESS_OF_THE_HARVEST_REMOVE_FEATURE_DA_MOD'),
	('GODDESS_OF_THE_HARVEST_REMOVE_FEATURE_DA_MOD',			'Amount',				'50'),
	('INITIATION_RITES_FAITH_DISPERSAL_DA',						'ModifierId',			'INITIATION_RITES_FAITH_DISPERSAL_DA_MOD'),
	('INITIATION_RITES_FAITH_DISPERSAL_DA_MOD',					'Amount',				'50'),
	('INITIATION_RITES_HEALING_DISPERSAL_DA',					'ModifierId',			'INITIATION_RITES_HEALING_DISPERSAL_DA_MOD'),
	('INITIATION_RITES_HEALING_DISPERSAL_DA_MOD',				'Amount',				'100');



insert or replace INTO RequirementSets (RequirementSetId, RequirementSetType) VALUES 
('RS_3_TILES_TO_CITY_CENTER', 			'REQUIREMENTSET_TEST_ALL');

insert or replace INTO RequirementSetRequirements (RequirementSetId, RequirementId) VALUES 
('RS_3_TILES_TO_CITY_CENTER', 			'REQ_3_TILES_TO_CITY_CENTER');


insert or replace INTO Requirements (RequirementId, RequirementType) VALUES 
('REQ_3_TILES_TO_CITY_CENTER', 		'REQUIREMENT_PLOT_ADJACENT_DISTRICT_TYPE_MATCHES');

insert or replace INTO RequirementArguments (RequirementId, Name, Value) VALUES 
('REQ_3_TILES_TO_CITY_CENTER', 'MaxRange', 		'3'), 
('REQ_3_TILES_TO_CITY_CENTER', 'MinRange', 		'3'),
('REQ_3_TILES_TO_CITY_CENTER', 'DistrictType', 	'DISTRICT_CITY_CENTER');



