




insert or replace into EventPopupData
(Type,									Title,												Description,											Effects,										ForegroundImage) values
('EVENT_BARB_TRIBE_UNITE',				'LOC_EVENT_BARB_TRIBE_UNITE_TITLE',					'LOC_EVENT_BARB_TRIBE_UNITE_DESCRIPTION',				'LOC_EVENT_BARB_TRIBE_UNITE_EFFECT',			'Event_TribeUnite'),

('EVENT_COMMON_TRIBE_UNITY_QUEST1',		'LOC_EVENT_COMMON_TRIBE_UNITY_QUEST1_TITLE',		'LOC_EVENT_COMMON_TRIBE_UNITY_QUEST1_DESCRIPTION',		'LOC_EVENT_COMMON_TRIBE_UNITY_QUEST1_EFFECT',	'Event_TribeUnite'),
('EVENT_COMMON_TRIBE_UNITY_QUEST2',		'LOC_EVENT_COMMON_TRIBE_UNITY_QUEST2_TITLE',		'LOC_EVENT_COMMON_TRIBE_UNITY_QUEST2_DESCRIPTION',		'LOC_EVENT_COMMON_TRIBE_UNITY_QUEST2_EFFECT',	'Event_TribeUnite'),
('EVENT_COMMON_CITYSTATE_QUEST1',		'LOC_EVENT_COMMON_CITYSTATE_QUEST1_TITLE',			'LOC_EVENT_COMMON_CITYSTATE_QUEST1_DESCRIPTION',		'LOC_EVENT_COMMON_CITYSTATE_QUEST1_EFFECT',		'Event_CityStateAlliance'),
('EVENT_COMMON_CITYSTATE_QUEST2',		'LOC_EVENT_COMMON_CITYSTATE_QUEST2_TITLE',			'LOC_EVENT_COMMON_CITYSTATE_QUEST2_DESCRIPTION',		'LOC_EVENT_COMMON_CITYSTATE_QUEST2_EFFECT',		'Event_CityStateAlliance'),
('EVENT_COMMON_PRIEST_COUNCIL_QUEST1',	'LOC_EVENT_COMMON_PRIEST_COUNCIL_QUEST1_TITLE',		'LOC_EVENT_COMMON_PRIEST_COUNCIL_QUEST1_DESCRIPTION',	'LOC_EVENT_COMMON_PRIEST_COUNCIL_QUEST1_EFFECT','PM_FoundedReligion'),
('EVENT_COMMON_PRIEST_COUNCIL_QUEST2',	'LOC_EVENT_COMMON_PRIEST_COUNCIL_QUEST2_TITLE',		'LOC_EVENT_COMMON_PRIEST_COUNCIL_QUEST2_DESCRIPTION',	'LOC_EVENT_COMMON_PRIEST_COUNCIL_QUEST2_EFFECT','Event_PurchasePantheon'),
('EVENT_COMMON_GREAT_BATH_FLOOD',		'LOC_EVENT_COMMON_GREAT_BATH_FLOOD_TITLE',			'LOC_EVENT_COMMON_GREAT_BATH_FLOOD_DESCRIPTION',		'LOC_EVENT_COMMON_GREAT_BATH_FLOOD_EFFECT',		'Event_GreatBath'),
('EVENT_COMMON_PRIEST_COUNCIL_CHOICE',	'LOC_EVENT_COMMON_PRIEST_COUNCIL_CHOICE_TITLE',		'LOC_EVENT_COMMON_PRIEST_COUNCIL_CHOICE_DESCRIPTION',	'LOC_EVENT_COMMON_PRIEST_COUNCIL_CHOICE_EFFECT','Event_PriestCouncilChoice'),
('EVENT_COMMON_PURCHASE_PANTHEON',		'LOC_EVENT_COMMON_PURCHASE_PANTHEON_TITLE',			'LOC_EVENT_COMMON_PURCHASE_PANTHEON_DESCRIPTION',		'LOC_EVENT_COMMON_PURCHASE_PANTHEON_EFFECT',	'Event_PurchasePantheon'),

('EVENT_COMMON_ENTER_ERA_ANCIENT',		'LOC_EVENT_COMMON_ENTER_ERA_ANCIENT_TITLE',			'LOC_EVENT_COMMON_ENTER_ERA_ANCIENT_DESCRIPTION',		'LOC_EVENT_COMMON_ENTER_ERA_ANCIENT_EFFECT',	'Era_Ancient_illustration.dds'),
('EVENT_COMMON_ENTER_ERA_CLASSICAL',	'LOC_EVENT_COMMON_ENTER_ERA_CLASSICAL_TITLE',		'LOC_EVENT_COMMON_ENTER_ERA_CLASSICAL_DESCRIPTION',		'LOC_EVENT_COMMON_ENTER_ERA_CLASSICAL_EFFECT',	'Era_Classical_illustration.dds'),




('EVENT_GOODY_MURAL',					'LOC_EVENT_GOODY_MURAL_TITLE',						'LOC_EVENT_GOODY_MURAL_DESCRIPTION',					'LOC_EVENT_GOODY_MURAL_EFFECT',					'Event_Mural'),
('EVENT_GOODY_HUMAN_SACRIFICE',			'LOC_EVENT_GOODY_HUMAN_SACRIFICE_TITLE',			'LOC_EVENT_GOODY_HUMAN_SACRIFICE_DESCRIPTION',			'LOC_EVENT_GOODY_HUMAN_SACRIFICE_EFFECT',		'Event_HumanSacrifice'),
('EVENT_GOODY_CARTOGRAPHER',			'LOC_EVENT_GOODY_CARTOGRAPHER_TITLE',				'LOC_EVENT_GOODY_CARTOGRAPHER_DESCRIPTION',				'LOC_EVENT_GOODY_CARTOGRAPHER_EFFECT',			'Event_Cartographer'),
('EVENT_GOODY_MAGIC_HERB',				'LOC_EVENT_GOODY_MAGIC_HERB_TITLE',					'LOC_EVENT_GOODY_MAGIC_HERB_DESCRIPTION',				'LOC_EVENT_GOODY_MAGIC_HERB_EFFECT',			'Event_MagicHerb'),
('EVENT_GOODY_FAMINE',					'LOC_EVENT_GOODY_FAMINE_TITLE',						'LOC_EVENT_GOODY_FAMINE_DESCRIPTION',					'LOC_EVENT_GOODY_FAMINE_EFFECT',				'Event_Famine'),
('EVENT_GOODY_ANCIENT_FORTIFICATION',	'LOC_EVENT_GOODY_ANCIENT_FORTIFICATION_TITLE',		'LOC_EVENT_GOODY_ANCIENT_FORTIFICATION_DESCRIPTION',	'LOC_EVENT_GOODY_ANCIENT_FORTIFICATION_EFFECT',	'Event_AncientFortification'),
('EVENT_GOODY_ANCIENT_FORTIFICATION_1',	'LOC_EVENT_GOODY_ANCIENT_FORTIFICATION_1_TITLE',	'LOC_EVENT_GOODY_ANCIENT_FORTIFICATION_1_DESCRIPTION',	'LOC_EVENT_GOODY_ANCIENT_FORTIFICATION_1_EFFECT','Event_AncientFortification'),
('EVENT_GOODY_ANCIENT_FORTIFICATION_2',	'LOC_EVENT_GOODY_ANCIENT_FORTIFICATION_2_TITLE',	'LOC_EVENT_GOODY_ANCIENT_FORTIFICATION_2_DESCRIPTION',	'LOC_EVENT_GOODY_ANCIENT_FORTIFICATION_2_EFFECT','Event_AncientFortification'),
('EVENT_GOODY_NO_HOME',					'LOC_EVENT_GOODY_NO_HOME_TITLE',					'LOC_EVENT_GOODY_NO_HOME_DESCRIPTION',					'LOC_EVENT_GOODY_NO_HOME_EFFECT',				'Event_NoHome'),
('EVENT_GOODY_LAND_STAR',				'LOC_EVENT_GOODY_LAND_STAR_TITLE',					'LOC_EVENT_GOODY_LAND_STAR_DESCRIPTION',				'LOC_EVENT_GOODY_LAND_STAR_EFFECT',				'Event_LandStar'),
('EVENT_GOODY_FOREIGN_CARANAVS',		'LOC_EVENT_GOODY_FOREIGN_CARANAVS_TITLE',			'LOC_EVENT_GOODY_FOREIGN_CARANAVS_DESCRIPTION',			'LOC_EVENT_GOODY_FOREIGN_CARANAVS_EFFECT',		'Event_ForeignCaranavs'),
('EVENT_GOODY_VAGRANT_ACROBATIC',		'LOC_EVENT_GOODY_VAGRANT_ACROBATIC_TITLE',			'LOC_EVENT_GOODY_VAGRANT_ACROBATIC_DESCRIPTION',		'LOC_EVENT_GOODY_VAGRANT_ACROBATIC_EFFECT',		'Event_VagrantAcrobatic'),
('EVENT_GOODY_EUREKA',					'LOC_EVENT_GOODY_EUREKA_TITLE',						'LOC_EVENT_GOODY_EUREKA_DESCRIPTION',					'LOC_EVENT_GOODY_EUREKA_EFFECT',				'Event_Eureka'),
('EVENT_GOODY_INSPIRATION',				'LOC_EVENT_GOODY_INSPIRATION_TITLE',				'LOC_EVENT_GOODY_INSPIRATION_DESCRIPTION',				'LOC_EVENT_GOODY_INSPIRATION_EFFECT',			'Event_Inspiration'),
('EVENT_COMMON_CAESAR_WAKE',				'LOC_EVENT_COMMON_CAESAR_WAKE_TITLE',			'LOC_EVENT_COMMON_CAESAR_WAKE_DESCRIPTION',				'LOC_EVENT_COMMON_CAESAR_WAKE_EFFECT',			'Event_CaesarWake'),
('EVENT_COMMON_CAESAR_CHANGE_GOVENRMENT','LOC_EVENT_COMMON_CAESAR_CHANGE_GOVENRMENT_TITLE',	'LOC_EVENT_COMMON_CAESAR_CHANGE_GOVENRMENT_DESCRIPTION','LOC_EVENT_COMMON_CAESAR_CHANGE_GOVENRMENT_EFFECT','Event_CaesarChangeGovernment');


insert or replace into Types
	(Type,														Kind)
values
	('ABILTY_EVENT_GOODY_CARTOGRAPHER',					'KIND_ABILITY');


insert or replace into TypeTags
	(Type,																Tag)
values
	('ABILTY_EVENT_GOODY_CARTOGRAPHER',					'CLASS_ALL_UNITS');


insert or replace into UnitAbilities (UnitAbilityType, Name, Description, Inactive) values
    ('ABILTY_EVENT_GOODY_CARTOGRAPHER',
    'LOC_ABILTY_EVENT_GOODY_CARTOGRAPHER_NAME',
    'LOC_ABILTY_EVENT_GOODY_CARTOGRAPHER_DESCRIPTION',
    1);


insert or replace into Modifiers(ModifierId, 				ModifierType) values

	('EVENT_GOODY_CARTOGRAPHER_SIGHT',				'MODIFIER_PLAYER_UNIT_ADJUST_SIGHT'),
	('EVENT_GOODY_ADD_CITY_AMENITIES',				'MODIFIER_SINGLE_CITY_ADJUST_IMPROVEMENT_AMENITY'),
	('EVENT_GOODY_SUBTRACT_CITY_AMENITIES',			'MODIFIER_SINGLE_CITY_ADJUST_IMPROVEMENT_AMENITY');

insert or replace into Modifiers(ModifierId, 				ModifierType, 	RunOnce, Permanent, NewOnly, OwnerRequirementSetId,	 		SubjectRequirementSetId) values

	('EVENT_GOODY_MURAL_PALACE_SCIENCE',					'MODIFIER_PLAYER_CITIES_ADJUST_BUILDING_YIELD_CHANGE', 	1, 0, 0, NULL, 		NULL),
	('EVENT_GOODY_MURAL_PALACE_SCIENCE_MORE', 				'MODIFIER_PLAYER_CITIES_ADJUST_BUILDING_YIELD_CHANGE', 	1, 0, 0, NULL,  	'RS_PLAYER_HAS_TECH_MASONRY'),
	('EVENT_GOODY_MURAL_PALACE_CULTURE', 					'MODIFIER_SINGLE_CITY_ADJUST_BUILDING_YIELD', 		   	1, 0, 0, NULL, 		NULL),
	('EVENT_GOODY_MURAL_PALACE_CULTURE_MORE', 				'MODIFIER_SINGLE_CITY_ADJUST_BUILDING_YIELD', 			1, 0, 0, NULL, 		'RS_PLAYER_HAS_CIVIC_EARLY_EMPIRE');


insert or replace into ModifierArguments
	(ModifierId,									Name,					Value)
values
	('EVENT_GOODY_MURAL_PALACE_SCIENCE',			'Amount',				'1'), 
	('EVENT_GOODY_MURAL_PALACE_SCIENCE',			'BuildingType',			'BUILDING_PALACE'), 
	('EVENT_GOODY_MURAL_PALACE_SCIENCE',			'YieldType', 			'YIELD_SCIENCE'),
	('EVENT_GOODY_MURAL_PALACE_SCIENCE_MORE', 		'Amount', 				'1'), 
	('EVENT_GOODY_MURAL_PALACE_SCIENCE_MORE', 		'BuildingType', 		'BUILDING_PALACE'), 
	('EVENT_GOODY_MURAL_PALACE_SCIENCE_MORE', 		'YieldType', 			'YIELD_SCIENCE'),

	('EVENT_GOODY_MURAL_PALACE_CULTURE_MORE', 		'Amount', 				'1'), 
	('EVENT_GOODY_MURAL_PALACE_CULTURE_MORE', 		'BuildingType', 		'BUILDING_PALACE'), 
	('EVENT_GOODY_MURAL_PALACE_CULTURE_MORE', 		'YieldType',			'YIELD_CULTURE'),
	('EVENT_GOODY_MURAL_PALACE_CULTURE', 			'Amount', 				'1'), 
	('EVENT_GOODY_MURAL_PALACE_CULTURE', 			'BuildingType', 		'BUILDING_PALACE'), 
	('EVENT_GOODY_MURAL_PALACE_CULTURE', 			'YieldType', 			'YIELD_CULTURE'),
	('EVENT_GOODY_CARTOGRAPHER_SIGHT',				'Amount',				1),
	('EVENT_GOODY_ADD_CITY_AMENITIES',				'Amount',				2),
	('EVENT_GOODY_SUBTRACT_CITY_AMENITIES',			'Amount',				-2);

insert or replace into ModifierStrings
	(ModifierId,										Context,	Text)
values
	('EVENT_GOODY_CARTOGRAPHER_SIGHT',					'Preview',	'LOC_EVENT_GOODY_CARTOGRAPHER_SIGHT_PREVIEW');

insert or replace into UnitAbilityModifiers 
	(UnitAbilityType,										ModifierId)
values
	('ABILTY_EVENT_GOODY_CARTOGRAPHER',						'EVENT_GOODY_CARTOGRAPHER_SIGHT');


